0,0,0,0,0,0,0,0,0
0,0,0,0,0,0,0,0,0
0,0,0,0,0,0,0,0,0
0,0,0,0,0,0,0,0,0
0,0,0,0,0,0,0,0,0
0,0,0,0,0,0,0,0,0
0,0,0,0,0,0,0,0,0
0,0,0,0,0,0,0,0,0
0,0,0,0,0,0,0,0,0
0,0,0,0,0,0,0,0,0
0,0,0,0,0,0,0,0,0
0,0,0,0,0,0,0,0,0
0,0,0,0,0,0,0,0,0
0,0,0,0,0,0,0,0,0
0,0,0,0,0,0,0,0,0
0,0,0,0,0,0,0,0,0
0,0,0,0,0,0,0,0,0
0,0,0,0,0,0,0,0,0
0,0,0,0,0,0,0,0,0
0,0,0,0,0,0,0,0,0
0,0,0,0,0,0,0,0,0
0,0,0,0,0,0,0,0,0
0,0,0,0,0,0,0,0,0
0,0,0,0,0,0,0,0,0
0,0,0,0,0,0,0,0,0
0,0,0,0,0,0,0,0,0
0,0,0,0,0,0,0,0,0
0,0,0,0,0,0,0,0,0
0,0,0,0,0,0,0,0,0
0,0,0,0,0,0,0,0,0
0,0,0,0,0,0,0,0,0
0,0,0,0,0,0,0,0,0
0,0,0,0,0,0,0,0,0
0,0,0,0,0,0,0,0,0
0,0,0,0,0,0,0,0,0
0,0,0,0,0,0,0,0,0
0,0,0,0,0,0,0,0,0
0,0,0,0,0,0,0,0,0
0,0,0,0,0,0,0,0,0
0,0,0,0,0,0,0,0,0
0,0,0,0,0,0,0,0,0
0,0,0,0,0,0,0,0,0
0,0,0,0,0,0,0,0,0
0,0,0,0,0,0,0,0,0
0,0,0,0,0,0,0,0,0
0,0,0,0,0,0,0,0,0
0,0,0,0,0,0,0,0,0
0,0,0,0,0,0,0,0,0
0,0,0,0,0,0,0,0,0
5.91697e-15,0,0,5.91993e-13,0,0,5.91993e-11,0,0
-0.00352519,-1.09585e-17,0,-0.352695,-1.0964e-15,0,-35.2695,-1.0964e-13,0
-0.0159208,-2.18501e-05,0,-1.24001,-0.0021861,0,-88.6995,-0.21861,0
-0.0401772,-0.000214905,0,-2.42641,-0.019314,0,-118.596,-1.7126,0
-0.0771097,-0.000956834,0,-3.69433,-0.0742214,0,-126.774,-5.48942,0
-0.125558,-0.00282573,0,-4.84595,-0.186955,0,-115.167,-11.2701,0
-0.182616,-0.00641369,0,-5.7069,-0.358909,0,-86.1181,-17.1908,0
-0.243905,-0.0120304,0,-6.12969,-0.561823,0,-42.3158,-20.2872,0
-0.303867,-0.0193921,0,-5.99661,-0.736353,0,13.259,-17.4519,0
-0.35607,-0.0274084,0,-5.22003,-0.801754,0,77.6039,-6.54472,0
-0.393451,-0.0341636,0,-3.73737,-0.675549,0,148.21,12.6089,0
-0.408465,-0.0371724,0,-1.49988,-0.300722,0,223.694,37.4649,0
-0.393053,-0.033961,0,1.54348,0.321508,0,304.283,62.2019,0
-0.338463,-0.0230338,0,5.46205,1.09329,0,391.807,77.1601,0
-0.235003,-0.00530352,0,10.35,1.77368,0,488.743,68.0311,0
-0.0719775,0.0138979,0,16.3075,1.92061,0,595.705,14.7087,0
0.161684,0.0221185,0,23.3722,0.821847,0,706.419,-109.821,0
0.475234,-0.00356666,0,31.362,-2.57013,0,798.94,-339.085,0
0.874074,-0.086239,0,39.8917,-8.27062,0,852.966,-569.854,0
1.35906,-0.246066,0,48.5074,-15.9883,0,861.595,-771.592,0
1.92661,-0.502475,0,56.7632,-25.6485,0,825.664,-965.9,0
2.5697,-0.873288,0,64.3163,-37.0909,0,755.425,-1144.14,0
3.27839,-1.37398,0,70.877,-50.0809,0,656.219,-1298.93,0
4.04053,-2.01716,0,76.2202,-64.3309,0,534.485,-1424.98,0
4.84237,-2.81223,0,80.189,-79.5204,0,397.049,-1518.97,0
5.66926,-3.76522,0,82.6933,-95.3139,0,250.614,-1579.4,0
6.50629,-4.87882,0,83.7054,-111.376,0,101.381,-1606.31,0
7.3388,-6.1525,0,83.2518,-127.384,0,-45.205,-1600.89,0
8.15285,-7.58268,0,81.4044,-143.034,0,-184.603,-1565.17,0
8.93557,-9.163,0,78.2708,-158.048,0,-313.239,-1501.65,0
9.67545,-10.8846,0,73.9847,-172.175,0,-428.504,-1412.86,0
10.3625,-12.7363,0,68.6967,-185.181,0,-528.731,-1300.82,0
10.9882,-14.7045,0,62.5646,-196.84,0,-613.165,-1166.18,0
11.5457,-16.7734,0,55.7445,-206.901,0,-681.984,-1006.38,0
12.0295,-18.9235,0,48.3813,-215.017,0,-736.316,-811.861,0
12.4357,-21.1298,0,40.6076,-220.638,0,-777.398,-562.359,0
12.7617,-23.361,0,32.594,-223.119,0,-801.395,-248.411,0
13.0082,-25.5859,0,24.645,-222.501,0,-794.958,61.4584,0
13.1792,-27.7824,0,17.0876,-219.648,0,-755.823,285.031,0
13.2803,-29.9352,0,10.1054,-215.275,0,-698.339,437.103,0
13.3182,-32.0332,0,3.77631,-209.799,0,-633.031,547.528,0
13.2995,-34.0682,0,-1.87375,-203.496,0,-565.135,630.174,0
13.231,-36.0341,0,-6.84885,-196.578,0,-497.634,691.829,0
13.1194,-37.9264,0,-11.1724,-189.221,0,-432.473,735.684,0
12.9706,-39.7423,0,-14.8821,-181.589,0,-371.077,763.22,0
12.7904,-41.4808,0,-18.0269,-173.839,0,-314.582,775.022,0
12.5837,-43.1421,0,-20.6655,-166.128,0,-263.946,771.172,0
12.3551,-44.7284,0,-22.8648,-158.615,0,-220.009,751.457,0
12.1081,-46.243,0,-24.6995,-151.461,0,-183.532,715.484,0
11.8457,-47.6915,0,-26.2511,-144.834,0,-155.217,662.751,0
11.5696,-49.0806,0,-27.6079,-138.908,0,-135.722,592.71,0
11.2815,-50.4169,0,-28.8117,-133.618,0,-120.418,529.108,0
10.9828,-51.705,0,-29.873,-128.813,0,-106.156,480.708,0
10.6744,-52.9503,0,-30.8339,-124.527,0,-96.1146,428.698,0
10.3572,-54.1579,0,-31.7223,-120.749,0,-88.8615,377.805,0
10.0316,-55.3326,0,-32.5622,-117.472,0,-84.0005,327.817,0
9.69791,-56.4795,0,-33.371,-114.678,0,-80.8908,279.504,0
9.35632,-57.6029,0,-34.16,-112.344,0,-78.9186,233.45,0
9.00698,-58.7074,0,-34.934,-110.441,0,-77.4095,190.386,0
8.65009,-59.7967,0,-35.6899,-108.929,0,-75.5978,151.275,0
8.28595,-60.8742,0,-36.4153,-107.754,0,-72.5502,117.538,0
7.91509,-61.9427,0,-37.086,-106.841,0,-67.0754,91.3108,0
7.53847,-63.0035,0,-37.6632,-106.087,0,-57.7335,75.4315,0
7.15751,-64.0572,0,-38.0966,-105.367,0,-43.3609,72.0763,0
6.77409,-65.103,0,-38.3425,-104.579,0,-24.6062,78.8511,0
6.39015,-66.1402,0,-38.3942,-103.72,0,-5.1847,85.8539,0
6.00722,-67.1693,0,-38.2926,-102.908,0,10.1361,81.2019,0
5.6262,-68.1924,0,-38.1026,-102.312,0,18.9829,59.6301,0
5.24736,-69.2132,0,-37.8837,-102.081,0,21.8811,23.1428,0
4.87059,-70.2364,0,-37.6768,-102.314,0,20.6949,-23.2816,0
4.49555,-71.267,0,-37.5031,-103.062,0,17.3697,-74.8153,0
4.12187,-72.3104,0,-37.3686,-104.341,0,13.4548,-127.787,0
3.74918,-73.3718,0,-37.2682,-106.138,0,10.0509,-179.647,0
3.37729,-74.456,0,-37.1894,-108.425,0,7.88528,-228.665,0
3.00613,-75.5676,0,-37.1154,-111.162,0,7.39883,-273.664,0
2.63586,-76.7106,0,-37.0273,-114.3,0,8.81571,-313.833,0
2.26681,-77.8884,0,-36.9053,-117.786,0,12.1955,-348.602,0
1.8995,-79.104,0,-36.7305,-121.562,0,17.4736,-377.575,0
1.53464,-80.3596,0,-36.4856,-125.567,0,24.493,-400.479,0
1.17309,-81.657,0,-36.1552,-129.738,0,33.032,-417.137,0
0.815814,-82.997,0,-35.7269,-134.012,0,42.8265,-427.441,0
0.4639,-84.3802,0,-35.1909,-138.325,0,53.5909,-431.332,0
0.11849,-85.8063,0,-34.5405,-142.612,0,65.0356,-428.771,0
-0.219233,-87.2744,0,-33.7716,-146.809,0,76.8836,-419.702,0
-0.548068,-88.7828,0,-32.8827,-150.848,0,88.8892,-403.989,0
-0.866818,-90.3294,0,-31.8741,-154.661,0,100.859,-381.292,0
-1.1743,-91.911,0,-30.7472,-158.168,0,112.688,-350.831,0
-1.46934,-93.5237,0,-29.503,-161.277,0,124.414,-310.93,0
-1.75075,-95.1623,0,-28.14,-163.858,0,136.302,-258.192,0
-2.01728,-96.8195,0,-26.6517,-165.726,0,148.834,-186.904,0
-2.26761,-98.486,0,-25.0314,-166.652,0,162.03,-92.6886,0
-2.50058,-100.151,0,-23.2946,-166.51,0,173.683,14.1567,0
-2.71551,-101.805,0,-21.492,-165.422,0,180.267,108.688,0
-2.91232,-103.441,0,-19.6788,-163.609,0,181.334,181.175,0
-3.09126,-105.054,0,-17.8924,-161.228,0,178.654,238.114,0
-3.25285,-106.637,0,-16.1568,-158.373,0,173.579,285.406,0
-3.39775,-108.189,0,-14.4881,-155.112,0,166.893,326.128,0
-3.52674,-109.704,0,-12.8976,-151.494,0,159.079,361.781,0
-3.64068,-111.179,0,-11.3932,-147.564,0,150.465,393.022,0
-3.7405,-112.613,0,-9.98042,-143.363,0,141.297,420.06,0
-3.82715,-114.002,0,-8.66289,-138.935,0,131.776,442.857,0
-3.90158,-115.346,0,-7.4424,-134.323,0,122.072,461.231,0
-3.96479,-116.641,0,-6.31927,-129.574,0,112.335,474.914,0
-4.01773,-117.889,0,-5.29249,-124.738,0,102.698,483.584,0
-4.06133,-119.088,0,-4.35985,-119.87,0,93.2842,486.88,0
-4.09652,-120.238,0,-3.51801,-115.026,0,84.2032,484.418,0
-4.12416,-121.341,0,-2.76261,-110.269,0,75.5568,475.791,0
-4.14505,-122.397,0,-2.0884,-105.663,0,67.4378,460.581,0
-4.15995,-123.41,0,-1.48922,-101.281,0,59.9322,438.352,0
-4.16954,-124.382,0,-0.958162,-97.1946,0,53.1196,408.664,0
-4.17442,-125.317,0,-0.487542,-93.4846,0,47.0742,371.063,0
-4.17518,-126.303,0,-0.0754298,-98.594,0,41.2219,-510.863,0
-4.1717,-127.303,0,0.348467,-99.9727,0,42.3996,-137.04,0
-4.16598,-128.068,0,0.571985,-76.5364,0,22.3549,2343.24,0
-4.16023,-128.588,0,0.575318,-51.9871,0,0.355587,2452.69,0
-4.15527,-128.94,0,0.496006,-35.1514,0,-7.90926,1683.71,0
-4.15027,-129.242,0,0.499404,-30.168,0,0.347358,499.269,0
-4.14309,-129.631,0,0.718534,-38.9474,0,21.9048,-876.702,0
-4.13079,-130.25,0,1.23063,-61.862,0,51.1902,-2290.18,0
-4.11021,-131.23,0,2.05805,-98.0745,0,82.7182,-3620.06,0
-4.07843,-132.688,0,3.17885,-145.776,0,112.057,-4769.19,0
-4.03306,-134.711,0,4.53861,-202.398,0,135.958,-5661.52,0
-3.97246,-137.359,0,6.0609,-264.806,0,152.218,-6240.51,0
-3.89592,-140.653,0,7.65582,-329.486,0,159.492,-6467.99,0
-3.80366,-144.579,0,9.22708,-392.712,0,157.135,-6323.04,0
-3.6969,-149.086,0,10.6777,-450.714,0,145.076,-5801,0
-3.57786,-154.08,0,11.9054,-499.447,0,122.804,-4874.43,0
-3.46974,-158.594,0,10.8125,-451.466,0,-109.258,4796.71,0
-3.36843,-162.809,0,10.1312,-421.441,0,-67.9068,2993.3,0
-3.27394,-166.727,0,9.44794,-391.789,0,-68.377,2967.29,0
-3.18379,-170.455,0,9.01408,-372.749,0,-43.3927,1904.35,0
-3.09548,-174.097,0,8.83109,-364.213,0,-18.3281,854.842,0
-3.0074,-177.718,0,8.80763,-362.104,0,-2.37315,212.083,0
-2.91787,-181.373,0,8.95289,-365.507,0,14.5105,-339.695,0
-2.82521,-185.095,0,9.26639,-372.114,0,31.3347,-660.19,0
-2.7281,-188.87,0,9.71137,-377.596,0,44.4842,-547.886,0
-2.62632,-192.624,0,10.178,-375.336,0,46.6575,225.852,0
-2.51855,-196.31,0,10.7771,-368.603,0,59.9124,672.556,0
-2.40132,-199.954,0,11.7239,-364.464,0,94.6668,413.475,0
-2.26984,-203.615,0,13.1493,-366,0,142.521,-153.329,0
-2.11863,-207.35,0,15.1226,-373.601,0,197.296,-759.466,0
-1.94197,-211.213,0,17.668,-386.298,0,254.498,-1269.22,0
-1.73445,-215.236,0,20.7546,-402.285,0,308.632,-1598.31,0
-1.49203,-219.422,0,24.2447,-418.581,0,348.987,-1629.43,0
-1.2158,-223.698,0,27.626,-427.632,0,338.125,-905.245,0
-0.917019,-227.876,0,29.8811,-417.804,0,225.552,981.949,0
-0.60368,-231.865,0,31.3363,-398.872,0,145.658,1891.5,0
-0.280866,-235.635,0,32.2829,-377.042,0,94.7551,2182.24,0
0.0474664,-239.181,0,32.8343,-354.592,0,55.1959,2244.95,0
0.379783,-242.525,0,33.2323,-334.303,0,39.8504,2029.01,0
0.718194,-245.718,0,33.8417,-319.284,0,60.9547,1502.33,0
1.06836,-248.835,0,35.0171,-311.759,0,117.527,753.146,0
1.43606,-251.941,0,36.7714,-310.552,0,175.387,121.573,0
1.82682,-255.084,0,39.078,-314.325,0,230.615,-376.706,0
2.24472,-258.294,0,41.7925,-321.016,0,271.418,-668.568,0
2.68833,-261.553,0,44.3627,-325.866,0,257.009,-484.795,0
3.14665,-264.774,0,45.8344,-322.093,0,147.206,377.086,0
3.61559,-267.926,0,46.8955,-315.205,0,106.24,687.911,0
4.10063,-271.043,0,48.506,-311.711,0,161.1,349.155,0
4.61163,-274.182,0,51.1013,-313.887,0,259.486,-217.155,0
5.1596,-277.4,0,54.8004,-321.774,0,369.841,-788.203,0
5.75499,-280.744,0,59.5423,-334.384,0,474.112,-1260.51,0
6.40621,-284.245,0,65.127,-350.138,0,558.413,-1575,0
7.11784,-287.912,0,71.1683,-366.755,0,604.11,-1661.54,0
7.88239,-291.695,0,76.4604,-378.268,0,529.222,-1151.4,0
8.65779,-295.384,0,77.5436,-368.909,0,108.45,935.286,0
9.42342,-298.893,0,76.5648,-350.91,0,-97.4564,1797.86,0
10.1715,-302.202,0,74.8065,-330.934,0,-175.632,1996.93,0
10.8973,-305.308,0,72.5819,-310.557,0,-222.401,2037.73,0
11.6021,-308.231,0,70.4794,-292.26,0,-210.219,1829.89,0
12.2945,-311.019,0,69.2307,-278.782,0,-124.904,1348.19,0
12.9887,-313.739,0,69.4213,-271.981,0,18.9577,680.636,0
13.6968,-316.443,0,70.8109,-270.348,0,138.819,164.061,0
14.426,-319.157,0,72.9182,-271.476,0,210.624,-112.24,0
15.1735,-321.869,0,74.7568,-271.215,0,183.815,26.3341,0
15.9277,-324.53,0,75.4231,-266.061,0,66.6749,515.235,0
16.6834,-327.113,0,75.5649,-258.293,0,14.3035,776.449,0
17.4485,-329.637,0,76.5162,-252.371,0,95.1778,591.968,0
18.2407,-332.147,0,79.2203,-251.049,0,270.339,132.48,0
19.0822,-334.7,0,84.1509,-255.25,0,492.914,-419.68,0
19.9965,-337.347,0,91.4324,-264.679,0,727.978,-942.346,0
21.0055,-340.129,0,100.91,-278.249,0,947.573,-1356.61,0
22.1269,-343.072,0,112.15,-294.297,0,1123.87,-1604.47,0
23.3703,-346.177,0,124.347,-310.522,0,1219.69,-1622.48,0
24.7297,-349.41,0,135.955,-323.301,0,1160.81,-1278.01,0
26.168,-352.671,0,143.843,-326.113,0,788.996,-281.695,0
27.6242,-355.823,0,145.621,-315.245,0,178.269,1085.77,0
29.0614,-358.8,0,143.724,-297.648,0,-189.077,1758.46,0
30.4637,-361.584,0,140.229,-278.4,0,-349.219,1924.33,0
31.8295,-364.19,0,136.582,-260.533,0,-364.55,1786.73,0
33.1741,-366.659,0,134.45,-246.984,0,-213.191,1355.19,0
34.5232,-369.052,0,134.912,-239.205,0,45.9823,778.457,0
35.8952,-371.404,0,137.204,-235.263,0,228.987,394.866,0
37.2936,-373.726,0,139.838,-232.159,0,263.229,310.8,0
38.7009,-375.988,0,140.731,-226.221,0,89.3268,593.902,0
40.097,-378.159,0,139.613,-217.029,0,-111.7,919.054,0
41.4821,-380.236,0,138.509,-207.744,0,-110.125,928.193,0
42.8783,-382.251,0,139.621,-201.453,0,111.135,629.197,0
44.3222,-384.249,0,144.392,-199.787,0,476.874,166.977,0
45.8572,-386.28,0,153.505,-203.08,0,910.99,-328.787,0
47.5274,-388.387,0,167.023,-210.752,0,1351.47,-766.781,0
49.372,-390.603,0,184.48,-221.615,0,1745.38,-1085.9,0
51.4208,-392.944,0,204.897,-234.055,0,2041.48,-1243.81,0
53.6875,-395.404,0,226.686,-246.075,0,2178.79,-1201.92,0
56.1597,-397.954,0,247.246,-255.015,0,2056.14,-894.233,0
58.7795,-400.522,0,261.992,-256.812,0,1474.94,-180.07,0
61.4377,-403,0,265.831,-247.769,0,384.642,903.605,0
64.0455,-405.313,0,260.788,-231.297,0,-503.189,1646.14,0
66.5653,-407.442,0,251.975,-212.87,0,-880.492,1842.12,0
68.9929,-409.398,0,242.755,-195.58,0,-921.715,1729.02,0
71.3568,-411.217,0,236.379,-181.864,0,-637.648,1371.87,0
73.6993,-412.94,0,234.251,-172.346,0,-213.13,952.273,0
76.0446,-414.592,0,234.527,-165.201,0,27.0926,715.009,0
78.3922,-416.176,0,234.753,-158.391,0,22.3809,681.324,0
80.7145,-417.676,0,232.234,-149.974,0,-251.862,841.842,0
82.9877,-419.078,0,227.311,-140.189,0,-492.092,978.369,0
85.2173,-420.387,0,222.96,-130.839,0,-434.834,934.998,0
87.4391,-421.621,0,222.179,-123.454,0,-78.2487,738.62,0
89.7079,-422.808,0,226.879,-118.683,0,469.601,477.38,0
92.0862,-423.972,0,237.838,-116.396,0,1095.49,229.017,0
94.635,-425.132,0,254.89,-115.936,0,1704.59,46.2971,0
97.4056,-426.295,0,277.075,-116.347,0,2218.08,-40.9637,0
100.433,-427.461,0,302.728,-116.553,0,2565.01,-20.5008,0
103.726,-428.615,0,329.407,-115.457,0,2667.86,109.598,0
107.261,-429.735,0,353.497,-111.94,0,2409.12,351.561,0
110.954,-430.782,0,369.347,-104.79,0,1585.54,714.832,0
114.664,-431.717,0,370.982,-93.4123,0,164.433,1137.46,0
118.266,-432.513,0,360.212,-79.6127,0,-1075.53,1379.64,0
121.706,-433.172,0,343.931,-65.8505,0,-1626.97,1376.12,0
124.978,-433.706,0,327.241,-53.4093,0,-1668.61,1244.27,0
128.124,-434.135,0,314.591,-42.8734,0,-1265.11,1053.85,0
131.211,-434.476,0,308.647,-34.1526,0,-594.954,872.376,0
134.293,-434.742,0,308.233,-26.5768,0,-42.1578,757.845,0
137.412,-434.938,0,311.849,-19.594,0,361.087,698.476,0
140.578,-435.066,0,316.644,-12.7553,0,479.093,683.991,0
143.76,-435.124,0,318.22,-5.85074,0,157.606,690.543,0
146.911,-435.115,0,315.059,0.950038,0,-315.817,680.14,0
150.024,-435.04,0,311.289,7.47483,0,-376.553,652.557,0
153.133,-434.902,0,310.888,13.8745,0,-40.1197,640.057,0
156.289,-434.697,0,315.601,20.4639,0,471.03,659.019,0
159.544,-434.422,0,325.526,27.5416,0,991.976,707.815,0
162.941,-434.069,0,339.756,35.2938,0,1422.66,775.242,0
166.508,-433.631,0,356.704,43.7405,0,1694.49,844.687,0
170.247,-433.105,0,373.916,52.6541,0,1721.05,891.371,0
174.104,-432.494,0,385.679,61.1131,0,1176.49,845.942,0
177.896,-431.828,0,379.253,66.5764,0,-641.972,546.459,0
181.511,-431.134,0,361.423,69.4306,0,-1781.2,285.773,0
184.92,-430.425,0,340.898,70.9485,0,-2051.55,152.079,0
188.117,-429.71,0,319.736,71.4922,0,-2116.17,54.5183,0
191.124,-428.993,0,300.623,71.7094,0,-1911.41,21.8251,0
193.988,-428.268,0,286.416,72.4491,0,-1421.14,74.009,0
196.756,-427.53,0,276.737,73.8506,0,-968.453,140.105,0
199.442,-426.777,0,268.597,75.2734,0,-814.633,142.227,0
202.055,-426.011,0,261.311,76.5405,0,-728.775,126.719,0
204.593,-425.239,0,253.758,77.2635,0,-755.477,72.3307,0
207.047,-424.467,0,245.422,77.1761,0,-833.655,-8.68475,0
209.413,-423.704,0,236.587,76.2579,0,-883.473,-91.7395,0
211.695,-422.957,0,228.181,74.738,0,-840.624,-151.915,0
213.907,-422.228,0,221.252,72.9394,0,-693.032,-179.816,0
216.073,-421.516,0,216.566,71.1255,0,-468.898,-181.374,0
218.217,-420.822,0,214.442,69.4192,0,-212.668,-170.649,0
220.365,-420.144,0,214.739,67.7845,0,29.4761,-163.5,0
222.534,-419.484,0,216.886,66.0476,0,214.454,-173.707,0
224.733,-418.844,0,219.914,63.9388,0,302.613,-210.888,0
226.958,-418.233,0,222.503,61.149,0,258.905,-278.97,0
229.189,-417.659,0,223.149,57.4178,0,64.5882,-373.081,0
231.396,-417.132,0,220.646,52.6786,0,-250.038,-473.858,0
233.544,-416.66,0,214.818,47.1876,0,-582.534,-549.049,0
235.611,-416.245,0,206.691,41.4479,0,-812.384,-573.953,0
237.591,-415.886,0,197.968,35.9812,0,-872.182,-546.693,0
239.496,-415.574,0,190.534,31.1778,0,-743.487,-480.429,0
241.331,-415.305,0,183.509,26.8527,0,-702.696,-432.626,0
243.08,-415.078,0,174.904,22.6953,0,-860.576,-415.829,0
244.728,-414.891,0,164.738,18.6987,0,-1016.48,-399.712,0
246.26,-414.743,0,153.195,14.8425,0,-1154.28,-385.683,0
247.672,-414.631,0,141.203,11.1616,0,-1199.18,-368.144,0
248.972,-414.554,0,129.966,7.67648,0,-1123.81,-348.564,0
250.179,-414.511,0,120.656,4.35119,0,-931.166,-332.583,0
251.321,-414.5,0,114.214,1.06273,0,-644.517,-328.895,0
252.433,-414.524,0,111.225,-2.41374,0,-299.199,-347.684,0
253.552,-414.588,0,111.853,-6.39272,0,62.4232,-397.913,0
254.71,-414.7,0,115.816,-11.2287,0,395.938,-483.591,0
255.934,-414.873,0,122.416,-17.2327,0,659.696,-600.363,0
257.24,-415.118,0,130.599,-24.5702,0,818.06,-733.69,0
258.63,-415.45,0,139.021,-33.1588,0,842.188,-858.799,0
260.091,-415.875,0,146.112,-42.5769,0,709.11,-941.768,0
261.593,-416.395,0,150.166,-52.0049,0,405.616,-942.82,0
263.09,-416.999,0,149.755,-60.329,0,-40.7904,-832.495,0
264.538,-417.665,0,144.763,-66.6827,0,-498.687,-635.572,0
265.908,-418.377,0,136.996,-71.1448,0,-776.274,-446.469,0
267.198,-419.123,0,129.018,-74.6534,0,-797.607,-351.09,0
268.406,-419.894,0,120.81,-77.128,0,-820.901,-247.59,0
269.517,-420.67,0,111.024,-77.6056,0,-978.656,-47.8924,0
270.514,-421.43,0,99.7538,-75.9641,0,-1126.96,163.945,0
271.393,-422.158,0,87.8601,-72.7545,0,-1189.34,320.771,0
272.161,-422.85,0,76.8116,-69.2542,0,-1104.9,349.903,0
272.84,-423.52,0,67.8956,-66.9315,0,-891.798,232.277,0
273.459,-424.191,0,61.9042,-67.1606,0,-599.443,-22.7724,0
274.049,-424.902,0,59.0155,-71.0437,0,-289.217,-388.054,0
274.638,-425.694,0,58.811,-79.2894,0,-20.789,-824.245,0
275.242,-426.616,0,60.4026,-92.1308,0,158.885,-1283.79,0
275.868,-427.708,0,62.6262,-109.277,0,222.199,-1714.33,0
276.51,-429.007,0,64.2486,-129.894,0,162.195,-2061.44,0
277.152,-430.533,0,64.1472,-152.596,0,-10.0563,-2270.07,0
277.766,-432.287,0,61.4461,-175.421,0,-269.942,-2282.5,0
278.322,-434.244,0,55.6092,-195.727,0,-583.458,-2030.81,0
278.788,-436.345,0,46.5571,-210.112,0,-904.954,-1438.93,0
279.138,-438.499,0,34.9811,-215.471,0,-1157.37,-536.609,0
279.363,-440.622,0,22.5261,-212.311,0,-1245.36,314.984,0
279.471,-442.672,0,10.7748,-204.944,0,-1175.17,735.909,0
279.474,-444.651,0,0.304082,-197.901,0,-1047.26,703.964,0
279.383,-446.587,0,-9.15123,-193.61,0,-945.763,429.238,0
279.203,-448.503,0,-18.035,-191.587,0,-888.577,202.616,0
278.936,-450.417,0,-26.6698,-191.372,0,-863.622,21.67,0
278.584,-452.338,0,-35.1866,-192.079,0,-851.791,-70.4765,0
278.15,-454.264,0,-43.493,-192.611,0,-830.739,-53.1372,0
277.636,-456.185,0,-51.3565,-192.098,0,-786.454,51.2516,0
277.049,-458.092,0,-58.717,-190.726,0,-736.175,137.173,0
276.391,-459.988,0,-65.8506,-189.576,0,-713.48,114.92,0
275.659,-461.884,0,-73.1525,-189.614,0,-730.28,-3.7693,0
274.85,-463.796,0,-80.9059,-191.207,0,-775.399,-159.176,0
273.958,-465.737,0,-89.1777,-194.146,0,-827.214,-293.792,0
272.981,-467.714,0,-97.7378,-197.692,0,-856.04,-354.529,0
271.924,-469.714,0,-105.679,-200.02,0,-794.228,-232.777,0
270.821,-471.681,0,-110.355,-196.624,0,-467.667,339.484,0
269.708,-473.557,0,-111.269,-187.578,0,-91.8411,904.091,0
268.605,-475.324,0,-110.34,-176.756,0,92.5654,1081.73,0
267.524,-476.976,0,-108.083,-165.139,0,225.501,1161.64,0
266.473,-478.513,0,-105.135,-153.7,0,294.733,1143.94,0
265.45,-479.947,0,-102.258,-143.432,0,287.671,1026.92,0
264.446,-481.302,0,-100.42,-135.46,0,183.843,797.414,0
263.453,-482.593,0,-99.2831,-129.063,0,113.767,639.961,0
262.481,-483.812,0,-97.1563,-121.959,0,212.766,710.662,0
261.55,-484.945,0,-93.1648,-113.241,0,399.068,871.775,0
260.68,-485.973,0,-86.989,-102.81,0,617.439,1043.06,0
259.887,-486.89,0,-79.2909,-91.6733,0,769.656,1113.58,0
259.175,-487.701,0,-71.1681,-81.158,0,812.2,1051.58,0
258.538,-488.426,0,-63.7476,-72.4553,0,742.093,870.428,0
257.958,-489.091,0,-57.9592,-66.4774,0,578.983,598.066,0
257.414,-489.729,0,-54.3909,-63.8278,0,357.043,265.289,0
256.882,-490.377,0,-53.1968,-64.7953,0,119.671,-96.3907,0
256.341,-491.071,0,-54.0843,-69.3478,0,-88.504,-454.904,0
255.777,-491.842,0,-56.3936,-77.1281,0,-230.728,-777.719,0
255.185,-492.716,0,-59.2367,-87.4471,0,-284.194,-1031.65,0
254.568,-493.709,0,-61.6467,-99.2668,0,-240.97,-1181.82,0
253.941,-494.82,0,-62.6949,-111.16,0,-104.888,-1189.33,0
253.326,-496.033,0,-61.5784,-121.261,0,111.502,-1010.13,0
252.748,-497.307,0,-57.8017,-127.464,0,377.464,-620.664,0
252.231,-498.594,0,-51.688,-128.7,0,611.144,-123.96,0
251.785,-499.859,0,-44.5861,-126.435,0,710.019,225.993,0
251.406,-501.094,0,-37.884,-123.512,0,670.177,291.936,0
251.088,-502.298,0,-31.7582,-120.387,0,612.688,312.469,0
250.831,-503.447,0,-25.6785,-114.935,0,608.087,545.178,0
250.635,-504.51,0,-19.5991,-106.236,0,608.007,869.751,0
250.496,-505.466,0,-13.9232,-95.6743,0,567.657,1055.92,0
250.406,-506.325,0,-9.01168,-85.8313,0,491.246,984.224,0
250.357,-507.116,0,-4.87082,-79.0667,0,414.212,676.624,0
250.346,-507.886,0,-1.12413,-77.071,0,374.787,199.944,0
250.375,-508.694,0,2.92662,-80.7259,0,405.152,-364.993,0
250.457,-509.595,0,8.1684,-90.1123,0,524.188,-938.112,0
250.611,-510.641,0,15.4909,-104.604,0,732.184,-1448.67,0
250.867,-511.87,0,25.5904,-122.998,0,1009.82,-1839.05,0
251.255,-513.307,0,38.8008,-143.65,0,1320.86,-2064.96,0
251.805,-514.952,0,54.9625,-164.579,0,1615.99,-2092.96,0
252.538,-516.787,0,73.3056,-183.51,0,1834.17,-1893.24,0
253.46,-518.765,0,92.2684,-197.743,0,1896.25,-1423.68,0
254.552,-520.804,0,109.212,-203.955,0,1694.48,-621.791,0
255.762,-522.8,0,121.02,-199.636,0,1181.2,430.994,0
257.034,-524.674,0,127.229,-187.382,0,621.518,1224.42,0
258.337,-526.403,0,130.32,-172.846,0,309.698,1452.93,0
259.669,-528.004,0,133.135,-160.151,0,281.859,1269.4,0
261.062,-529.534,0,139.349,-152.922,0,621.457,723.257,0
262.537,-531.018,0,147.526,-148.379,0,817.385,454.889,0
264.023,-532.392,0,148.596,-137.404,0,106.919,1097.78,0
265.446,-533.603,0,142.268,-121.127,0,-632.086,1627.22,0
266.802,-534.666,0,135.554,-106.296,0,-670.708,1482.67,0
268.141,-535.633,0,133.937,-96.7015,0,-161.752,959.779,0
269.549,-536.569,0,140.784,-93.5334,0,684.145,317.432,0
271.127,-537.533,0,157.828,-96.4336,0,1703.68,-289.349,0
272.982,-538.575,0,185.498,-104.178,0,2766.14,-773.887,0
275.213,-539.726,0,223.11,-115.11,0,3760.43,-1092.75,0
277.902,-541,0,269.025,-127.427,0,4590.9,-1231.51,0
281.11,-542.394,0,320.789,-139.379,0,5175.98,-1195.21,0
284.862,-543.887,0,375.222,-149.377,0,5443.26,-999.958,0
289.144,-545.447,0,428.251,-155.971,0,5303.18,-659.645,0
293.873,-547.019,0,472.946,-157.257,0,4470.15,-128.988,0
298.747,-548.495,0,487.456,-147.571,0,1452.3,968.057,0
303.404,-549.774,0,465.747,-127.92,0,-2167.76,1964.06,0
307.801,-550.865,0,439.66,-109.076,0,-2605.31,1883.63,0
311.95,-551.791,0,414.896,-92.4971,0,-2476.23,1658.13,0
315.93,-552.583,0,397.945,-79.228,0,-1695.41,1327.3,0
319.835,-553.272,0,390.504,-68.9028,0,-745.094,1032.99,0
323.728,-553.875,0,389.341,-60.3156,0,-117.324,859.113,0
327.667,-554.405,0,393.819,-52.9496,0,447.164,736.86,0
331.691,-554.868,0,402.475,-46.2956,0,865.069,665.599,0
335.828,-555.268,0,413.647,-39.9789,0,1116.85,631.81,0
340.057,-555.604,0,422.907,-33.5553,0,925.931,642.451,0
344.239,-555.868,0,418.232,-26.4087,0,-467.29,714.712,0
348.357,-556.066,0,411.766,-19.7987,0,-645.206,660.998,0
352.462,-556.206,0,410.573,-14.0421,0,-119.244,575.786,0
356.62,-556.296,0,415.765,-8.94307,0,518.691,510.043,0
360.885,-556.338,0,426.505,-4.25574,0,1073.45,468.85,0
365.297,-556.336,0,441.244,0.2032,0,1473.4,445.982,0
369.877,-556.291,0,458.017,4.53403,0,1677.08,433.15,0
374.441,-556.207,0,456.372,8.4196,0,-164.527,388.613,0
378.803,-556.092,0,436.146,11.4402,0,-2020.8,302.141,0
382.956,-555.954,0,415.385,13.854,0,-2074.4,241.497,0
386.878,-555.797,0,392.084,15.6503,0,-2330.3,179.718,0
390.566,-555.628,0,368.858,16.9761,0,-2322.58,132.662,0
394.047,-555.448,0,348.007,18.0162,0,-2085.32,104.071,0
397.372,-555.257,0,332.561,19.0338,0,-1545.04,101.791,0
400.65,-555.053,0,327.775,20.4753,0,-479.315,144.167,0
403.991,-554.827,0,334.022,22.5507,0,623.635,207.514,0
407.451,-554.576,0,345.996,25.091,0,1196.31,253.985,0
410.901,-554.308,0,345.033,26.8189,0,-96.7003,172.772,0
414.169,-554.035,0,326.793,27.26,0,-1822.8,44.2012,0
417.269,-553.757,0,310.001,27.8396,0,-1677.57,58.0967,0
420.298,-553.463,0,302.854,29.3787,0,-715.037,153.902,0
423.375,-553.14,0,307.777,32.3234,0,491.24,294.393,0
426.622,-552.771,0,324.677,36.9372,0,1688.85,461.265,0
430.143,-552.337,0,352.144,43.3481,0,2745.63,640.97,0
434.022,-551.822,0,387.933,51.541,0,3578.16,819.175,0
438.314,-551.209,0,429.217,61.3365,0,4127.97,979.452,0
443.041,-550.485,0,472.697,72.3665,0,4347.85,1102.94,0
448.183,-549.645,0,514.296,83.995,0,4160.1,1162.84,0
453.62,-548.702,0,543.679,94.329,0,2938.84,1033.45,0
458.868,-547.739,0,524.875,96.3526,0,-1878.86,202.601,0
463.795,-546.785,0,492.674,95.3244,0,-3215.46,-101.98,0
468.399,-545.85,0,460.345,93.5254,0,-3231.89,-179.601,0
472.711,-544.934,0,431.188,91.652,0,-2916.02,-187.282,0
476.817,-544.024,0,410.56,90.9913,0,-2063.44,-66.0804,0
480.815,-543.103,0,399.761,92.0892,0,-1080.91,109.665,0
484.765,-542.16,0,394.99,94.3244,0,-478.211,223.358,0
488.7,-541.187,0,393.494,97.2658,0,-150.216,294.047,0
492.606,-540.187,0,390.617,99.9594,0,-288.061,269.32,0
496.437,-539.171,0,383.078,101.678,0,-753.777,171.942,0
500.166,-538.141,0,372.882,102.997,0,-1019.23,131.98,0
503.813,-537.088,0,364.683,105.268,0,-819.749,227.178,0
507.431,-535.992,0,361.873,109.635,0,-281.281,436.597,0
511.09,-534.824,0,365.828,116.775,0,394.913,713.854,0
514.853,-533.555,0,376.332,126.939,0,1049.76,1016.19,0
518.773,-532.155,0,392.041,139.99,0,1570.41,1304.84,0
522.881,-530.601,0,410.739,155.375,0,1869.38,1538.42,0
527.173,-528.881,0,429.267,171.987,0,1852.71,1661.09,0
531.602,-527.004,0,442.862,187.74,0,1359.76,1575.39,0
536.046,-525.014,0,444.505,199.071,0,164.847,1133.3,0
540.354,-522.98,0,430.716,203.381,0,-1377.6,431.523,0
544.431,-520.955,0,407.71,202.519,0,-2299.29,-85.4149,0
548.249,-518.965,0,381.832,199.018,0,-2587.1,-349.634,0
551.824,-517.015,0,357.427,194.965,0,-2440.4,-405.02,0
555.209,-515.088,0,338.505,192.714,0,-1892.66,-225.14,0
558.482,-513.148,0,327.288,193.966,0,-1122.37,125.013,0
561.695,-511.17,0,321.301,197.772,0,-599.632,380.249,0
564.856,-509.152,0,316.101,201.795,0,-520.546,402.114,0
567.923,-507.122,0,306.682,203,0,-942.032,120.515,0
570.854,-505.109,0,293.036,201.323,0,-1364.23,-167.428,0
573.651,-503.11,0,279.752,199.899,0,-1328.2,-142.133,0
576.361,-501.091,0,270.96,201.93,0,-879.303,203.1,0
579.049,-498.996,0,268.745,209.495,0,-222.087,756.196,0
581.783,-496.76,0,273.425,223.566,0,467.33,1406.63,0
584.624,-494.319,0,284.093,244.207,0,1066.13,2063.5,0
587.614,-491.612,0,299.029,270.695,0,1493.12,2648.45,0
590.773,-488.597,0,315.967,301.556,0,1693.54,3085.71,0
594.095,-485.253,0,332.159,334.419,0,1619.19,3286.19,0
597.535,-481.598,0,344.028,365.454,0,1187.17,3103.61,0
600.996,-477.72,0,346.137,387.892,0,211.449,2244.31,0
604.329,-473.781,0,333.299,393.858,0,-1282.89,597.738,0
607.43,-469.92,0,310.065,386.128,0,-2322.01,-771.331,0
610.272,-466.194,0,284.2,372.657,0,-2585.66,-1345.86,0
612.872,-462.608,0,259.984,358.579,0,-2421.57,-1407.31,0
615.28,-459.12,0,240.69,348.77,0,-1929.85,-981.019,0
617.553,-455.663,0,227.306,345.627,0,-1339.12,-314.829,0
619.734,-452.188,0,218.091,347.587,0,-922.17,195.347,0
621.854,-448.649,0,212.002,353.834,0,-609.39,624.205,0
623.93,-445.024,0,207.556,362.541,0,-444.967,870.302,0
625.958,-441.317,0,202.862,370.721,0,-469.608,817.837,0
627.919,-437.567,0,196.111,374.936,0,-675.201,421.703,0
629.799,-433.808,0,187.927,375.956,0,-818.177,102.403,0
631.604,-430.028,0,180.502,377.958,0,-742.494,200.552,0
633.355,-426.19,0,175.103,383.882,0,-540.051,592.307,0
635.074,-422.243,0,171.891,394.641,0,-321.471,1075.58,0
636.778,-418.146,0,170.379,409.712,0,-151.443,1506.68,0
638.475,-413.872,0,169.711,427.483,0,-66.9601,1776.82,0
640.16,-409.426,0,168.488,444.558,0,-122.407,1707.47,0
641.792,-404.914,0,163.273,451.25,0,-521.452,669.412,0
643.313,-400.511,0,152.088,440.279,0,-1118.17,-1095.99,0
644.707,-396.285,0,139.369,422.581,0,-1271.39,-1768.17,0
645.972,-392.268,0,126.486,401.651,0,-1288.27,-2092.48,0
647.115,-388.469,0,114.259,379.923,0,-1222.8,-2172.68,0
648.15,-384.867,0,103.455,360.149,0,-1080.62,-1977.57,0
649.098,-381.411,0,94.8304,345.57,0,-862.695,-1458.24,0
649.988,-378.018,0,88.976,339.358,0,-585.745,-621.862,0
650.842,-374.609,0,85.3925,340.855,0,-358.685,148.792,0
651.675,-371.128,0,83.3042,348.092,0,-209.098,722.94,0
652.491,-367.555,0,81.6167,357.32,0,-168.919,922.253,0
653.272,-363.965,0,78.1346,358.987,0,-348.268,166.588,0
653.999,-360.454,0,72.6355,351.074,0,-549.766,-790.496,0
654.673,-357.016,0,67.415,343.855,0,-521.895,-721.028,0
655.308,-353.586,0,63.4859,342.94,0,-392.995,-91.6227,0
655.917,-350.087,0,60.9261,349.902,0,-256.144,695.502,0
656.512,-346.444,0,59.4349,364.365,0,-149.291,1445.66,0
657.097,-342.594,0,58.5836,384.971,0,-85.2523,2059.98,0
657.677,-338.497,0,57.9225,409.744,0,-66.1794,2476.9,0
658.247,-334.136,0,57.0122,436.095,0,-91.0495,2634.89,0
658.799,-329.545,0,55.2534,459.17,0,-175.873,2307.66,0
659.304,-324.962,0,50.5022,458.318,0,-475.047,-84.6731,0
659.742,-320.598,0,43.7778,436.362,0,-672.193,-2193.27,0
660.117,-316.474,0,37.4334,412.423,0,-634.304,-2391.94,0
660.433,-312.599,0,31.5944,387.459,0,-584.005,-2496.5,0
660.698,-308.948,0,26.532,365.072,0,-506.347,-2238.83,0
660.922,-305.459,0,22.3884,348.88,0,-414.495,-1619.67,0
661.112,-302.065,0,19.0141,339.379,0,-337.562,-950.889,0
661.273,-298.728,0,16.0836,333.694,0,-293.155,-569.252,0
661.407,-295.419,0,13.4107,330.894,0,-267.362,-280.388,0
661.515,-292.128,0,10.7797,329.139,0,-263.16,-175.843,0
661.595,-288.861,0,8.01925,326.699,0,-276.072,-244.161,0
661.646,-285.631,0,5.03551,322.921,0,-298.389,-377.707,0
661.664,-282.442,0,1.79227,318.898,0,-324.332,-402.245,0
661.646,-279.278,0,-1.75952,316.429,0,-355.185,-246.915,0
661.589,-276.11,0,-5.71189,316.794,0,-395.242,36.3378,0
661.487,-272.907,0,-10.1766,320.343,0,-446.47,354.595,0
661.335,-269.641,0,-15.2385,326.538,0,-506.185,619.195,0
661.126,-266.301,0,-20.8977,334.032,0,-565.906,749.265,0
660.856,-262.895,0,-26.9936,340.603,0,-609.595,657,0
660.525,-259.464,0,-33.1179,343.099,0,-612.444,249.789,0
660.138,-256.077,0,-38.6654,338.672,0,-554.809,-442.265,0
659.706,-252.803,0,-43.2165,327.473,0,-455.219,-1119.26,0
659.239,-249.682,0,-46.7236,312.053,0,-350.862,-1541.4,0
658.746,-246.731,0,-49.3497,295.048,0,-262.747,-1700.31,0
658.231,-243.942,0,-51.4372,278.945,0,-208.865,-1610.31,0
657.696,-241.279,0,-53.5336,266.301,0,-209.709,-1264.58,0
657.138,-238.711,0,-55.7393,256.769,0,-220.59,-953.676,0
656.564,-236.241,0,-57.4701,247.021,0,-173.091,-975.224,0
655.981,-233.892,0,-58.29,234.793,0,-82.0603,-1222.92,0
655.4,-231.698,0,-58.1095,219.453,0,17.9557,-1533.81,0
654.824,-229.666,0,-57.5564,203.134,0,55.2051,-1631.73,0
654.248,-227.778,0,-57.5951,188.809,0,-3.89857,-1432.58,0
653.656,-225.989,0,-59.2099,178.941,0,-161.418,-987.186,0
653.023,-224.238,0,-63.2829,175.011,0,-407.156,-393.506,0
652.318,-222.464,0,-70.5413,177.456,0,-725.644,243.842,0
651.503,-220.606,0,-81.4936,185.763,0,-1094.98,830.122,0
650.54,-218.62,0,-96.3347,198.651,0,-1483.85,1288.25,0
649.392,-216.477,0,-114.833,214.262,0,-1849.56,1560.75,0
648.03,-214.174,0,-136.205,230.326,0,-2137.04,1606.33,0
646.44,-211.732,0,-158.963,244.232,0,-2275.7,1390.68,0
644.634,-209.202,0,-180.681,252.972,0,-2171.91,874.376,0
642.655,-206.669,0,-197.907,253.315,0,-1722.92,34.8974,0
640.579,-204.232,0,-207.617,243.728,0,-971.618,-957.867,0
638.476,-201.96,0,-210.343,227.197,0,-273.502,-1652.22,0
636.381,-199.871,0,-209.502,208.861,0,83.3756,-1833.08,0
634.292,-197.943,0,-208.898,192.803,0,60.1075,-1605.72,0
632.185,-196.137,0,-210.697,180.538,0,-179.877,-1226.92,0
630.04,-194.427,0,-214.431,170.985,0,-373.216,-955.847,0
627.842,-192.793,0,-219.861,163.445,0,-542.871,-754.281,0
625.58,-191.223,0,-226.173,156.955,0,-631.017,-649.325,0
623.257,-189.717,0,-232.281,150.586,0,-610.823,-637.11,0
620.884,-188.279,0,-237.353,143.785,0,-507.255,-680.114,0
618.468,-186.912,0,-241.646,136.772,0,-429.48,-701.321,0
616.004,-185.609,0,-246.33,130.215,0,-468.542,-655.729,0
613.479,-184.363,0,-252.502,124.591,0,-617.208,-562.542,0
610.873,-183.164,0,-260.626,119.955,0,-812.243,-463.782,0
608.169,-182.004,0,-270.427,116.01,0,-980.003,-394.668,0
605.361,-180.882,0,-280.81,112.183,0,-1038.19,-382.801,0
602.468,-179.807,0,-289.308,107.528,0,-849.918,-465.53,0
599.552,-178.799,0,-291.58,100.71,0,-227.47,-681.728,0
596.691,-177.882,0,-286.14,91.7224,0,543.37,-898.63,0
593.929,-177.062,0,-276.139,82.0252,0,999.403,-969.595,0
591.292,-176.337,0,-263.695,72.4604,0,1244.04,-956.509,0
588.788,-175.702,0,-250.465,63.544,0,1322.91,-891.743,0
586.405,-175.145,0,-238.225,55.6749,0,1224.05,-787.064,0
584.115,-174.653,0,-229.016,49.1732,0,921.125,-650.353,0
581.869,-174.211,0,-224.56,44.1606,0,445.96,-501.467,0
579.638,-173.811,0,-223.141,40.061,0,142.465,-410.16,0
577.427,-173.449,0,-221.107,36.1924,0,203.715,-386.984,0
575.282,-173.127,0,-214.511,32.1227,0,659.529,-407.033,0
573.247,-172.845,0,-203.499,28.1872,0,1100.83,-393.569,0
571.327,-172.594,0,-191.914,25.1035,0,1158.09,-308.428,0
569.494,-172.361,0,-183.308,23.3378,0,860.704,-176.684,0
567.696,-172.13,0,-179.781,23.0936,0,353.059,-24.5733,0
565.875,-171.885,0,-182.141,24.4607,0,-235.418,136.561,0
563.973,-171.61,0,-190.203,27.5024,0,-805.65,304.022,0
561.942,-171.288,0,-203.038,32.2571,0,-1283.02,475.336,0
559.751,-170.901,0,-219.142,38.6826,0,-1610.02,642.422,0
557.386,-170.435,0,-236.507,46.5653,0,-1736.38,788.165,0
554.861,-169.882,0,-252.52,55.3919,0,-1601.33,882.595,0
552.226,-169.24,0,-263.573,64.1433,0,-1105.63,875.134,0
549.573,-168.528,0,-265.296,71.2053,0,-172.881,706.294,0
547.005,-167.773,0,-256.778,75.5008,0,850.859,429.79,0
544.577,-166.997,0,-242.822,77.6678,0,1394.7,217.019,0
542.294,-166.208,0,-228.24,78.8593,0,1457.73,119.381,0
540.127,-165.405,0,-216.681,80.3249,0,1156.06,146.676,0
538.024,-164.574,0,-210.268,83.1149,0,641.681,278.984,0
535.943,-163.701,0,-208.15,87.2617,0,212.367,414.575,0
533.85,-162.775,0,-209.303,92.6384,0,-114.884,537.578,0
531.729,-161.788,0,-212.084,98.7256,0,-277.765,608.654,0
529.599,-160.748,0,-213.041,103.965,0,-95.5559,523.941,0
527.509,-159.682,0,-208.959,106.605,0,408.037,264.148,0
525.473,-158.599,0,-203.556,108.296,0,539.822,169.362,0
523.468,-157.489,0,-200.521,110.988,0,303.461,269.336,0
521.457,-156.334,0,-201.146,115.566,0,-62.2512,457.683,0
519.403,-155.111,0,-205.388,122.217,0,-423.815,665.02,0
517.277,-153.804,0,-212.572,130.732,0,-718.085,851.337,0
515.06,-152.398,0,-221.692,140.628,0,-911.812,989.484,0
512.746,-150.887,0,-231.428,151.136,0,-973.506,1050.76,0
510.361,-149.286,0,-238.483,160.063,0,-705.565,892.766,0
508.058,-147.7,0,-230.346,158.642,0,813.443,-141.867,0
505.884,-146.165,0,-217.417,153.437,0,1291.43,-519.487,0
503.847,-144.695,0,-203.666,147.092,0,1374.74,-634.177,0
501.948,-143.292,0,-189.925,140.205,0,1374.16,-688.626,0
500.171,-141.953,0,-177.679,133.922,0,1224.77,-628.336,0
498.485,-140.657,0,-168.545,129.578,0,913.646,-434.484,0
496.844,-139.371,0,-164.138,128.596,0,441.041,-98.4359,0
495.212,-138.07,0,-163.15,130.128,0,99.3439,152.808,0
493.592,-136.757,0,-161.958,131.279,0,119.55,114.856,0
492.031,-135.475,0,-156.179,128.264,0,577.918,-301.458,0
490.561,-134.258,0,-146.923,121.691,0,925.236,-656.938,0
489.176,-133.107,0,-138.575,115.049,0,834.452,-663.916,0
487.834,-131.999,0,-134.143,110.828,0,443.373,-422.067,0
486.483,-130.897,0,-135.062,110.195,0,-91.4461,-63.6397,0
485.066,-129.763,0,-141.731,113.338,0,-666.357,313.986,0
483.527,-128.566,0,-153.865,119.777,0,-1212.91,643.479,0
481.821,-127.28,0,-170.673,128.578,0,-1680.33,879.918,0
479.912,-125.895,0,-190.923,138.529,0,-2024.69,994.902,0
477.783,-124.413,0,-212.911,148.218,0,-2198.67,968.867,0
475.441,-122.853,0,-234.195,155.964,0,-2128.5,774.763,0
472.935,-121.26,0,-250.668,159.345,0,-1647.52,338.386,0
470.375,-119.709,0,-256.018,155.106,0,-535.634,-423.502,0
467.876,-118.267,0,-249.869,144.127,0,613.665,-1097.19,0
465.485,-116.955,0,-239.126,131.253,0,1073.26,-1286.78,0
463.204,-115.763,0,-228.089,119.133,0,1103.31,-1212,0
461.001,-114.668,0,-220.217,109.491,0,787.259,-964.353,0
458.828,-113.639,0,-217.306,102.909,0,291.556,-658.567,0
456.645,-112.654,0,-218.317,98.5327,0,-100.576,-437.975,0
454.418,-111.695,0,-222.723,95.8578,0,-440.256,-267.754,0
452.121,-110.752,0,-229.667,94.322,0,-694.036,-153.773,0
449.743,-109.819,0,-237.843,93.2831,0,-817.425,-104.023,0
447.334,-108.916,0,-240.847,90.2993,0,-300.375,-298.44,0
444.967,-108.066,0,-236.761,84.9621,0,408.053,-533.55,0
442.626,-107.261,0,-234.078,80.5249,0,267.621,-443.546,0
440.273,-106.483,0,-235.335,77.7578,0,-125.535,-276.839,0
437.866,-105.718,0,-240.705,76.5559,0,-536.604,-120.386,0
435.37,-104.952,0,-249.548,76.5763,0,-883.951,1.87396,0
432.762,-104.178,0,-260.875,77.4176,0,-1132.42,84.0018,0
430.027,-103.391,0,-273.509,78.6739,0,-1263.31,125.561,0
427.21,-102.604,0,-281.68,78.7005,0,-817.051,2.6303,0
424.53,-101.875,0,-268.013,72.8703,0,1366.17,-582.897,0
421.97,-101.197,0,-255.963,67.8335,0,1202.88,-503.158,0
419.552,-100.572,0,-241.764,62.537,0,1420.25,-529.772,0
417.276,-99.9962,0,-227.607,57.532,0,1415.62,-500.533,0
415.127,-99.465,0,-214.881,53.1238,0,1272.71,-440.896,0
413.071,-98.9675,0,-205.584,49.7435,0,930.027,-338.13,0
411.058,-98.4904,0,-201.344,47.7058,0,424.419,-203.912,0
409.047,-98.0236,0,-201.053,46.6805,0,29.622,-102.678,0
407.024,-97.5624,0,-202.273,46.1101,0,-121.618,-57.1505,0
405.015,-97.1108,0,-200.956,45.1635,0,131.843,-94.7114,0
403.065,-96.6759,0,-194.942,43.4913,0,601.206,-167.196,0
401.191,-96.2568,0,-187.437,41.9079,0,750.052,-158.289,0
399.369,-95.844,0,-182.159,41.2826,0,527.714,-62.5452,0
397.558,-95.4229,0,-181.128,42.1059,0,103.425,82.2245,0
395.708,-94.977,0,-184.962,44.5936,0,-382.999,248.631,0
393.775,-94.4891,0,-193.367,48.7936,0,-840.06,419.863,0
391.72,-93.9429,0,-205.438,54.6213,0,-1206.74,582.634,0
389.522,-93.3245,0,-219.816,61.8435,0,-1437.5,722.116,0
387.176,-92.6244,0,-234.682,70.0165,0,-1486.52,817.24,0
384.702,-91.8414,0,-247.409,78.3105,0,-1272.87,829.386,0
382.166,-90.9907,0,-253.543,85.0723,0,-613.699,676.248,0
379.68,-90.108,0,-248.619,88.2807,0,491.73,321.057,0
377.319,-89.2226,0,-236.16,88.5369,0,1244.76,26.0099,0
375.104,-88.3483,0,-221.506,87.4332,0,1464.81,-110.076,0
373.027,-87.4882,0,-207.599,86.0102,0,1390.59,-142.169,0
371.057,-86.634,0,-197.068,85.425,0,1053.39,-58.5105,0
369.138,-85.7663,0,-191.898,86.7634,0,517.395,133.759,0
367.307,-84.905,0,-183.067,86.1315,0,883.729,-63.3727,0
365.698,-84.117,0,-160.839,78.7956,0,2222.47,-733.404,0
364.367,-83.4348,0,-133.07,68.213,0,2775.78,-1057.66,0
363.276,-82.8442,0,-109.139,59.0506,0,2392.8,-916.02,0
362.324,-82.295,0,-95.1566,54.9203,0,1398.9,-413.261,0
361.382,-81.7096,0,-94.1334,58.5361,0,103.455,361.034,0
360.317,-80.9905,0,-106.52,71.9149,0,-1237.37,1337.15,0
359.009,-80.0269,0,-130.844,96.3697,0,-2431.12,2444.64,0
357.366,-78.7036,0,-164.333,132.357,0,-3347.98,3597.9,0
355.332,-76.9109,0,-203.446,179.305,0,-3910.69,4693.96,0
352.889,-74.5565,0,-244.271,235.487,0,-4082.35,5617.62,0
350.062,-71.5776,0,-282.804,297.947,0,-3853.58,6245.61,0
346.912,-67.9552,0,-315.005,362.295,0,-3220.7,6434.74,0
343.55,-63.7379,0,-336.277,421.79,0,-2128.16,5950,0
340.154,-59.0968,0,-339.593,464.164,0,-332.901,4238.47,0
336.966,-54.3507,0,-318.826,474.647,0,2074.94,1050.44,0
334.107,-49.7171,0,-285.817,463.377,0,3298.7,-1123.68,0
331.572,-45.2419,0,-253.466,447.519,0,3234.14,-1583.78,0
329.301,-40.8744,0,-227.081,436.731,0,2638.92,-1078.45,0
327.2,-36.4702,0,-210.118,440.416,0,1697.15,367.838,0
325.195,-31.8874,0,-200.428,458.283,0,970.106,1785.27,0
323.281,-27.1058,0,-191.41,478.172,0,902.637,1987.72,0
321.553,-22.3782,0,-172.83,472.772,0,1858.13,-540.041,0
320.05,-17.8645,0,-150.268,451.367,0,2255.42,-2138.02,0
318.735,-13.5144,0,-131.493,434.996,0,1877.35,-1635.68,0
317.547,-9.17548,0,-118.752,433.884,0,1274.65,-111.904,0
316.43,-4.65785,0,-111.656,451.763,0,710.336,1786.37,0
315.342,0.230869,0,-108.836,488.89,0,282.622,3711.03,0
314.255,5.66409,0,-108.66,543.358,0,18.0514,5445.23,0
313.16,11.7811,0,-109.561,611.749,0,-89.7727,6837.9,0
312.058,18.6759,0,-110.191,689.553,0,-62.9416,7779.72,0
310.963,26.3898,0,-109.493,771.464,0,69.8054,8190.88,0
309.896,34.9029,0,-106.686,851.383,0,280.545,7992.33,0
308.888,44.0812,0,-100.767,917.905,0,591.735,6653.23,0
308.041,52.9808,0,-84.7102,889.987,0,1605.42,-2789.8,0
307.362,61.3297,0,-67.9352,834.894,0,1676.65,-5500.21,0
306.828,69.1446,0,-53.346,781.451,0,1459.02,-5342.09,0
306.419,76.477,0,-40.9077,733.192,0,1244.19,-4826.67,0
306.111,83.4749,0,-30.7091,699.748,0,1020.2,-3345.34,0
305.887,90.3712,0,-22.4036,689.597,0,830.875,-1016.96,0
305.736,97.3816,0,-15.1292,701.028,0,727.715,1140.68,0
305.654,104.68,0,-8.16952,729.892,0,696.139,2884.4,0
305.643,112.372,0,-1.06879,769.213,0,710.175,3930.67,0
305.7,119.65,0,5.63008,727.749,0,669.944,-4147.13,0
305.81,126.513,0,11.0403,686.36,0,541.127,-4131.24,0
305.966,133.164,0,15.6485,665,0,461,-2136.34,0
306.167,139.841,0,20.0354,667.712,0,438.819,268.957,0
306.413,146.779,0,24.6337,693.802,0,459.893,2606.58,0
306.71,154.183,0,29.6765,740.402,0,504.307,4657.94,0
307.062,162.215,0,35.2022,803.271,0,552.583,6285.37,0
307.473,170.987,0,41.0874,877.216,0,588.527,7393.46,0
307.943,180.55,0,47.0904,956.383,0,600.315,7916.32,0
308.472,190.893,0,52.889,1034.39,0,579.91,7801.28,0
309.046,201.79,0,57.3376,1089.73,0,444.937,5534.4,0
309.594,211.986,0,54.8441,1019.65,0,-249.169,-7004.92,0
310.12,221.599,0,52.6039,961.266,0,-223.35,-5826.6,0
310.619,230.585,0,49.8615,898.515,0,-274.285,-6276.92,0
311.092,239.02,0,47.3691,843.513,0,-249.224,-5500.35,0
311.549,247.067,0,45.6711,804.609,0,-169.846,-3891.71,0
312.002,254.969,0,45.3085,790.216,0,-36.3561,-1441.31,0
312.464,262.947,0,46.1734,797.707,0,86.3505,746.52,0
312.944,271.176,0,48.0338,822.922,0,185.925,2519.4,0
313.45,279.777,0,50.5295,860.118,0,249.492,3718.05,0
313.948,288.239,0,49.8879,846.219,0,-64.1986,-1390.72,0
314.423,296.3,0,47.5087,806.164,0,-237.613,-4000.55,0
314.881,304.104,0,45.757,780.329,0,-175.023,-2581.26,0
315.333,311.881,0,45.1506,777.728,0,-60.7161,-261.766,0
315.789,319.869,0,45.6787,798.741,0,52.6903,2098.87,0
316.261,328.276,0,47.1352,840.698,0,145.542,4193.62,0
316.753,337.269,0,49.22,899.358,0,208.398,5864.3,0
317.269,346.963,0,51.5899,969.464,0,236.949,7009.54,0
317.808,357.413,0,53.8942,1045.07,0,230.426,7560.14,0
318.366,368.607,0,55.7875,1119.51,0,189.357,7444.3,0
318.916,380.068,0,55.0559,1146.16,0,-73.103,2666.19,0
319.413,390.826,0,49.7061,1075.73,0,-534.722,-7038.57,0
319.864,400.974,0,45.0309,1014.79,0,-467.109,-6085.25,0
320.268,410.474,0,40.4361,949.94,0,-459.594,-6486.15,0
320.632,419.403,0,36.4329,892.86,0,-400.373,-5708.22,0
320.966,427.925,0,33.321,852.125,0,-311.288,-4074.83,0
321.275,436.174,0,30.9096,824.901,0,-241.262,-2724.41,0
321.562,444.189,0,28.7647,801.437,0,-214.583,-2348.08,0
321.831,452.014,0,26.8249,782.442,0,-194.033,-1900.06,0
322.08,459.677,0,24.91,766.342,0,-191.532,-1610.7,0
322.308,467.198,0,22.8468,752.104,0,-206.34,-1424.22,0
322.513,474.587,0,20.4723,738.878,0,-237.451,-1322.9,0
322.69,481.85,0,17.656,726.235,0,-281.627,-1264.59,0
322.833,488.991,0,14.3075,714.123,0,-334.83,-1211.41,0
322.936,496.018,0,10.3761,702.667,0,-393.122,-1145.68,0
322.995,502.937,0,5.84618,691.863,0,-452.975,-1080.64,0
323.002,509.75,0,0.739668,681.32,0,-510.637,-1054.42,0
322.954,516.452,0,-4.87194,670.188,0,-561.154,-1113.39,0
322.845,523.025,0,-10.8519,657.279,0,-597.999,-1290.9,0
322.675,529.439,0,-16.9927,641.425,0,-614.107,-1585.37,0
322.445,535.659,0,-23.0372,621.926,0,-604.491,-1949.76,0
322.158,541.648,0,-28.7271,598.889,0,-569.065,-2303.58,0
321.819,547.381,0,-33.8635,573.271,0,-513.736,-2561.65,0
321.436,552.848,0,-38.3579,546.735,0,-449.545,-2653.62,0
321.013,558.063,0,-42.268,521.471,0,-391.119,-2526.58,0
320.555,563.064,0,-45.8187,500.064,0,-355.169,-2141.06,0
320.059,567.937,0,-49.5965,487.222,0,-377.849,-1284.79,0
319.519,572.776,0,-53.9867,483.925,0,-439.039,-330.703,0
318.929,577.656,0,-59.0241,488.052,0,-503.722,411.755,0
318.282,582.635,0,-64.6895,497.844,0,-566.524,978.518,0
317.574,587.745,0,-70.8061,510.988,0,-611.646,1313.91,0
316.813,592.931,0,-76.1467,518.649,0,-534.079,765.895,0
316.027,598.009,0,-78.5499,507.819,0,-240.454,-1082.42,0
315.219,602.994,0,-80.8169,498.437,0,-227.017,-936.405,0
314.378,607.964,0,-84.0857,497.052,0,-326.919,-138.737,0
313.492,613.006,0,-88.6105,504.185,0,-452.412,712.471,0
312.549,618.191,0,-94.3032,518.479,0,-569.185,1428.63,0
311.54,623.569,0,-100.896,537.865,0,-659.237,1938.01,0
310.461,629.168,0,-107.996,559.903,0,-709.96,2203.45,0
309.341,634.826,0,-111.914,565.761,0,-391.804,585.738,0
308.251,640.213,0,-109.039,538.698,0,287.171,-2704.63,0
307.191,645.342,0,-106.038,512.951,0,299.358,-2571.64,0
306.171,650.179,0,-101.939,483.642,0,409.929,-2931.33,0
305.196,654.725,0,-97.5454,454.539,0,439.325,-2910.17,0
304.261,659.009,0,-93.5015,428.434,0,404.41,-2610.87,0
303.354,663.101,0,-90.7153,409.151,0,278.689,-1928.82,0
302.453,667.104,0,-90.0786,400.26,0,63.821,-889.971,0
301.538,671.111,0,-91.4489,400.685,0,-136.807,41.4106,0
300.595,675.192,0,-94.3368,408.111,0,-288.597,741.651,0
299.617,679.376,0,-97.7659,418.455,0,-342.795,1033.72,0
298.63,683.571,0,-98.763,419.466,0,-99.6906,100.978,0
297.666,687.646,0,-96.3162,407.475,0,244.429,-1198.19,0
296.73,691.61,0,-93.6574,396.465,0,265.562,-1099.86,0
295.806,695.543,0,-92.3828,393.238,0,127.463,-322.862,0
294.877,699.538,0,-92.8672,399.491,0,-48.2862,624.538,0
293.928,703.685,0,-94.9262,414.675,0,-205.726,1517.51,0
292.947,708.056,0,-98.1047,437.139,0,-317.72,2245.68,0
291.929,712.701,0,-101.801,464.528,0,-369.588,2738.32,0
290.876,717.638,0,-105.289,493.7,0,-348.779,2916.97,0
289.803,722.825,0,-107.353,518.776,0,-206.401,2507.76,0
288.761,728.024,0,-104.149,519.953,0,320.232,118.354,0
287.8,732.992,0,-96.1293,496.778,0,801.458,-2315.09,0
286.923,737.692,0,-87.7162,469.918,0,840.912,-2683.83,0
286.128,742.11,0,-79.4725,441.778,0,824.412,-2813.94,0
285.406,746.274,0,-72.1636,416.436,0,730.996,-2534.33,0
284.742,750.256,0,-66.4536,398.12,0,571.163,-1832.05,0
284.117,754.137,0,-62.4074,388.069,0,404.834,-1006.01,0
283.524,757.968,0,-59.3865,383.111,0,302.297,-496.714,0
282.953,761.782,0,-57.0872,381.372,0,230.062,-174.523,0
282.401,765.579,0,-55.1288,379.732,0,195.939,-164.261,0
281.869,769.331,0,-53.2368,375.203,0,189.253,-452.976,0
281.353,773.006,0,-51.5436,367.529,0,169.349,-767.159,0
280.848,776.603,0,-50.5705,359.639,0,97.3463,-788.741,0
280.34,780.15,0,-50.8148,354.708,0,-24.3495,-493.142,0
279.814,783.695,0,-52.5706,354.526,0,-175.465,-18.5534,0
279.254,787.29,0,-55.9473,359.435,0,-337.531,490.41,0
278.645,790.976,0,-60.8996,368.643,0,-495.101,920.38,0
277.973,794.78,0,-67.2104,380.44,0,-630.975,1179.29,0
277.229,798.702,0,-74.4101,392.162,0,-719.902,1172.11,0
276.413,802.701,0,-81.6229,399.905,0,-721.261,774.422,0
275.538,806.691,0,-87.5495,398.995,0,-592.733,-90.516,0
274.625,810.569,0,-91.2831,387.803,0,-373.538,-1118.43,0
273.694,814.266,0,-93.0593,369.746,0,-177.883,-1804.71,0
272.759,817.757,0,-93.5506,349.021,0,-49.343,-2072.01,0
271.823,821.049,0,-93.5561,329.199,0,-0.684875,-1982.17,0
270.882,824.186,0,-94.1049,313.727,0,-54.9259,-1547.47,0
269.934,827.197,0,-94.886,301.014,0,-78.0565,-1271.94,0
268.989,830.058,0,-94.4386,286.109,0,44.7507,-1490.85,0
268.067,832.731,0,-92.2384,267.263,0,219.9,-1884.5,0
267.182,835.178,0,-88.4306,244.697,0,380.633,-2256.43,0
266.341,837.391,0,-84.1399,221.301,0,428.939,-2339.5,0
265.533,839.396,0,-80.8178,200.53,0,332.211,-2077.26,0
264.734,841.249,0,-79.8896,185.271,0,92.9486,-1526.31,0
263.908,843.023,0,-82.6283,177.362,0,-273.622,-791.577,0
263.007,844.797,0,-90.0886,177.415,0,-745.696,4.41095,0
261.977,846.646,0,-103.017,184.842,0,-1292.43,741.967,0
260.76,848.626,0,-121.718,198.052,0,-1869.65,1320.26,0
259.301,850.773,0,-145.9,214.723,0,-2417.88,1666.73,0
257.556,853.094,0,-174.523,232.089,0,-2861.93,1736.38,0
255.5,855.565,0,-205.625,247.133,0,-3110.03,1504.5,0
253.139,858.132,0,-236.109,256.678,0,-3048.49,954.85,0
250.524,860.707,0,-261.565,257.505,0,-2545.94,83.3607,0
247.751,863.182,0,-277.331,247.565,0,-1577.41,-993.048,0
244.926,865.472,0,-282.464,228.92,0,-514.385,-1863.56,0
242.114,867.544,0,-281.238,207.175,0,121.487,-2173.82,0
239.32,869.417,0,-279.413,187.287,0,181.858,-1988.7,0
236.528,871.121,0,-279.119,170.361,0,29.3274,-1693.05,0
233.74,872.671,0,-278.872,154.996,0,24.8254,-1536.91,0
230.958,874.077,0,-278.162,140.609,0,71.0875,-1439.05,0
228.196,875.343,0,-276.194,126.588,0,196.742,-1402.34,0
225.462,876.473,0,-273.435,113.011,0,275.816,-1357.89,0
222.747,877.477,0,-271.43,100.316,0,200.424,-1269.61,0
220.028,878.365,0,-271.981,88.8257,0,-54.9817,-1149.28,0
217.263,879.15,0,-276.456,78.5,0,-447.267,-1032.81,0
214.408,879.84,0,-285.5,68.9532,0,-904.024,-954.9,0
211.418,880.436,0,-298.979,59.5817,0,-1347.61,-937.319,0
208.258,880.933,0,-316.025,49.7228,0,-1704.21,-986.006,0
204.908,881.321,0,-335.061,38.8038,0,-1903.48,-1091.95,0
201.37,881.586,0,-353.784,26.4758,0,-1872.26,-1232.8,0
197.68,881.713,0,-369.023,12.743,0,-1524.16,-1373.27,0
193.912,881.695,0,-376.844,-1.88701,0,-782.587,-1463,0
190.169,881.531,0,-374.29,-16.3587,0,254.576,-1447.22,0
186.545,881.236,0,-362.426,-29.537,0,1185.4,-1318,0
183.091,880.828,0,-345.388,-40.8661,0,1702.98,-1133.17,0
179.816,880.323,0,-327.486,-50.4699,0,1789.84,-960.68,0
176.689,879.733,0,-312.683,-59.0495,0,1480.48,-858.225,0
173.663,879.059,0,-302.575,-67.3346,0,1011.23,-828.7,0
170.708,878.305,0,-295.451,-75.4281,0,712.942,-809.458,0
167.815,877.474,0,-289.318,-83.1658,0,613.631,-773.87,0
164.996,876.573,0,-281.92,-90.076,0,740.019,-691.135,0
162.266,875.612,0,-272.976,-96.1009,0,894.355,-602.645,0
159.622,874.592,0,-264.374,-101.954,0,860.077,-585.489,0
157.038,873.505,0,-258.421,-108.734,0,595.441,-678.025,0
154.472,872.331,0,-256.61,-117.457,0,181.407,-872.314,0
151.878,871.042,0,-259.38,-128.834,0,-276.51,-1137.62,0
149.215,869.611,0,-266.269,-143.18,0,-688.517,-1434.38,0
146.454,868.007,0,-276.135,-160.362,0,-986.234,-1718.1,0
143.581,866.21,0,-287.301,-179.745,0,-1116.41,-1938.11,0
140.605,864.21,0,-297.566,-200.045,0,-1026.47,-2030.05,0
137.566,862.02,0,-303.96,-219.013,0,-639.591,-1896.84,0
134.54,859.689,0,-302.615,-233.101,0,134.03,-1409.18,0
131.627,857.296,0,-291.311,-239.293,0,1129.62,-619.811,0
128.895,854.909,0,-273.151,-238.69,0,1815.16,59.4138,0
126.368,852.566,0,-252.685,-234.329,0,2046.05,435.47,0
124.036,850.276,0,-233.2,-228.958,0,1948.53,536.758,0
121.862,848.022,0,-217.386,-225.444,0,1581.68,351.351,0
119.797,845.766,0,-206.415,-225.622,0,1097.6,-17.5932,0
117.808,843.479,0,-198.893,-228.696,0,752.776,-307.053,0
115.878,841.147,0,-193.001,-233.136,0,589.656,-443.737,0
114.014,838.783,0,-186.387,-236.395,0,661.652,-325.756,0
112.235,836.413,0,-177.939,-237.037,0,844.761,-64.3786,0
110.545,834.046,0,-168.948,-236.663,0,898.962,37.1248,0
108.932,831.665,0,-161.355,-238.11,0,759.395,-144.735,0
107.369,829.23,0,-156.284,-243.494,0,507.312,-538.228,0
105.83,826.692,0,-153.923,-253.801,0,236.341,-1030.37,0
104.291,824.002,0,-153.81,-269.045,0,11.6499,-1524.09,0
102.74,821.118,0,-155.093,-288.46,0,-128.108,-1941.15,0
101.173,818.012,0,-156.703,-310.573,0,-160.823,-2211.03,0
99.5997,814.682,0,-157.379,-333.054,0,-67.5943,-2248.1,0
98.0452,811.163,0,-155.445,-351.946,0,193.334,-1889.34,0
96.5597,807.557,0,-148.549,-360.524,0,689.32,-858.344,0
95.1968,804.005,0,-136.28,-355.215,0,1226.48,529.757,0
93.9776,800.586,0,-121.911,-341.92,0,1436.49,1328.16,0
92.9003,797.329,0,-107.723,-325.704,0,1418.71,1620.93,0
91.9506,794.228,0,-94.9547,-310.074,0,1276.99,1562.93,0
91.1055,791.242,0,-84.5005,-298.583,0,1045.69,1149.32,0
90.3433,788.322,0,-76.2075,-291.98,0,829.634,660.731,0
89.651,785.44,0,-69.2178,-288.229,0,699.263,375.735,0
89.0181,782.569,0,-63.2834,-287.109,0,593.648,112.242,0
88.437,779.69,0,-58.1071,-287.913,0,517.792,-80.0583,0
87.9022,776.79,0,-53.4718,-289.94,0,463.654,-202.499,0
87.41,773.866,0,-49.2108,-292.406,0,426.199,-246.5,0
86.9579,770.921,0,-45.2066,-294.477,0,400.508,-207.06,0
86.5439,767.967,0,-41.3979,-295.402,0,380.93,-92.6087,0
86.1657,765.017,0,-37.8216,-295,0,357.686,40.0806,0
85.8198,762.08,0,-34.5824,-293.771,0,323.98,122.784,0
85.5026,759.16,0,-31.7154,-291.95,0,286.773,182.032,0
85.2112,756.271,0,-29.1437,-288.912,0,257.23,303.729,0
84.9435,753.434,0,-26.7632,-283.712,0,238.107,519.909,0
84.6982,750.674,0,-24.5263,-275.973,0,223.732,773.759,0
84.4739,748.015,0,-22.4295,-265.938,0,209.718,1003.3,0
84.2691,745.473,0,-20.4786,-254.152,0,195.121,1178.5,0
84.0822,743.059,0,-18.6844,-241.36,0,179.454,1279.11,0
83.9115,740.774,0,-17.0683,-228.518,0,161.652,1284.28,0
83.7548,738.606,0,-15.6676,-216.806,0,140.103,1171.26,0
83.6094,736.529,0,-14.5391,-207.649,0,112.885,915.937,0
83.4726,734.513,0,-13.6814,-201.567,0,85.8003,608.584,0
83.343,732.546,0,-12.9623,-196.716,0,71.9534,485.486,0
83.22,730.638,0,-12.2975,-190.776,0,66.4997,594.088,0
83.1029,728.817,0,-11.7048,-182.153,0,59.2781,862.294,0
82.9894,727.1,0,-11.3525,-171.651,0,35.2466,1050.04,0
82.8747,725.485,0,-11.4649,-161.548,0,-11.2153,1010.16,0
82.7523,723.944,0,-12.2436,-154.014,0,-77.8276,753.567,0
82.6136,722.44,0,-13.8753,-150.479,0,-163.112,353.827,0
82.448,720.924,0,-16.5605,-151.563,0,-268.442,-107.972,0
82.2429,719.352,0,-20.5123,-157.165,0,-395.11,-559.764,0
81.9838,717.686,0,-25.9145,-166.586,0,-540.132,-941.666,0
81.6554,715.9,0,-32.8466,-178.642,0,-693.117,-1205.29,0
81.2435,713.983,0,-41.1928,-191.736,0,-834.539,-1309.32,0
80.7383,711.945,0,-50.5344,-203.849,0,-934.101,-1211.31,0
80.1382,709.82,0,-60.0141,-212.425,0,-947.966,-857.798,0
79.4554,707.675,0,-68.2887,-214.592,0,-827.534,-217.145,0
78.7138,705.583,0,-74.1637,-209.146,0,-587.71,543.929,0
77.9369,703.597,0,-77.6964,-198.576,0,-353.561,1056.3,0
77.1382,701.73,0,-79.879,-186.691,0,-218.533,1188.12,0
76.3183,699.964,0,-81.9943,-176.669,0,-211.684,1002.18,0
75.4695,698.265,0,-84.8836,-169.824,0,-288.957,684.812,0
74.5874,696.617,0,-88.2073,-164.844,0,-332.323,498.329,0
73.6753,695.017,0,-91.2132,-159.931,0,-300.584,491.546,0
72.7447,693.482,0,-93.0649,-153.503,0,-185.227,642.848,0
71.8048,692.022,0,-93.9915,-145.985,0,-92.7968,751.754,0
70.8531,690.631,0,-95.1725,-139.147,0,-118.205,683.77,0
69.8743,689.285,0,-97.8818,-134.552,0,-270.916,459.654,0
68.8437,687.955,0,-103.059,-132.99,0,-517.572,156.45,0
67.7316,686.61,0,-111.222,-134.525,0,-816.156,-153.223,0
66.5069,685.223,0,-122.478,-138.676,0,-1125.35,-414.787,0
65.1416,683.777,0,-136.532,-144.588,0,-1405.22,-590.964,0
63.615,682.266,0,-152.682,-151.158,0,-1614.81,-656.856,0
61.9177,680.695,0,-169.742,-157.079,0,-1706.02,-592.137,0
60.0597,679.088,0,-185.812,-160.744,0,-1607.01,-366.617,0
58.0819,677.488,0,-197.794,-160.005,0,-1198.5,73.6675,0
56.0593,675.957,0,-202.275,-153.07,0,-448.586,693.021,0
54.0613,674.542,0,-199.806,-141.513,0,246.033,1155.15,0
52.1228,673.256,0,-193.847,-128.569,0,595.303,1294.04,0
50.2509,672.093,0,-187.186,-116.343,0,665.784,1222.59,0
48.4268,671.029,0,-182.408,-106.322,0,477.751,1002.3,0
46.6008,670.03,0,-182.592,-99.8802,0,-18.0883,644.504,0
44.817,669.113,0,-178.374,-91.671,0,422.3,821.348,0
43.2486,668.353,0,-156.833,-76.0359,0,2153.63,1563.42,0
41.9982,667.775,0,-125.024,-57.7554,0,3179.45,1827.46,0
41.0638,667.357,0,-93.4147,-41.8623,0,3160.19,1589.22,0
40.3624,667.044,0,-70.1088,-31.2599,0,2330.92,1060.64,0
39.7587,666.768,0,-60.3516,-27.5564,0,976.785,370.977,0
39.0961,666.45,0,-66.2505,-31.8132,0,-588.444,-424.956,0
38.2247,666.001,0,-87.1434,-44.9119,0,-2087.78,-1309.11,0
37.0204,665.326,0,-120.452,-67.4985,0,-3329.58,-2257.91,0
35.3957,664.329,0,-162.497,-99.6926,0,-4203.58,-3218.69,0
33.3058,662.922,0,-209.028,-140.768,0,-4652.65,-4106.87,0
30.7507,661.033,0,-255.559,-188.927,0,-4653.1,-4815.41,0
27.7763,658.623,0,-297.483,-241.092,0,-4192.86,-5216.28,0
24.4789,655.699,0,-329.783,-292.415,0,-3230.92,-5132.42,0
21.0215,652.353,0,-345.768,-334.696,0,-1599.75,-4228.7,0
17.6459,648.793,0,-337.574,-355.955,0,817.545,-2127.28,0
14.5392,645.232,0,-310.663,-356.126,0,2688.83,-19.4124,0
11.7329,641.742,0,-280.61,-349.046,0,3003.68,705.908,0
9.17596,638.297,0,-255.668,-344.457,0,2494.16,458.217,0
6.71974,634.719,0,-245.601,-357.824,0,1007.43,-1336.38,0
4.33657,630.969,0,-238.301,-375.02,0,731.642,-1717.96,0
2.30243,627.511,0,-203.391,-345.738,0,3491.31,2928.43,0
0.682766,624.534,0,-161.942,-297.733,0,4142.49,4796.16,0
-0.619253,621.94,0,-130.169,-259.338,0,3177.14,3838.06,0
-1.75791,619.477,0,-113.837,-246.27,0,1634.48,1308.22,0
-2.89214,616.808,0,-113.407,-266.884,0,44.6356,-2058.82,0
-4.15815,613.563,0,-126.599,-324.605,0,-1317.61,-5768.92,0
-5.65557,609.373,0,-149.753,-418.968,0,-2314.13,-9433.14,0
-7.44209,603.912,0,-178.673,-546.261,0,-2891.22,-12726.6,0
-9.53378,596.912,0,-209.196,-700.114,0,-3052.03,-15383.2,0
-11.909,588.193,0,-237.556,-872.034,0,-2836.1,-17190.9,0
-14.5147,577.676,0,-260.594,-1051.89,0,-2304.32,-17985.2,0
-17.2727,565.397,0,-275.817,-1228.06,0,-1523.13,-17618.4,0
-20.0821,551.546,0,-280.953,-1385.28,0,-514.502,-15724.4,0
-22.7498,536.907,0,-266.771,-1463.97,0,1417.17,-7872.49,0
-24.9923,523.123,0,-224.239,-1378.49,0,4251.42,8539.74,0
-26.8508,510.221,0,-185.82,-1290.14,0,3839.52,8819.73,0
-28.3771,498.136,0,-152.59,-1208.46,0,3323.71,8168.14,0
-29.6387,486.598,0,-126.13,-1153.74,0,2646.91,5473.71,0
-30.6786,475.436,0,-103.959,-1116.15,0,2218,3761.77,0
-31.5148,464.673,0,-83.597,-1076.21,0,2036.87,3996.73,0
-32.1678,454.293,0,-65.2797,-1037.98,0,1832.12,3822.75,0
-32.6557,444.286,0,-48.7782,-1000.68,0,1650.54,3730.86,0
-32.9955,434.641,0,-33.9552,-964.483,0,1482.65,3620.04,0
-33.2023,425.346,0,-20.6703,-929.366,0,1328.8,3512.2,0
-33.2904,416.393,0,-8.7953,-895.335,0,1187.78,3403.57,0
-33.2726,407.769,0,1.78898,-862.383,0,1058.69,3295.58,0
-33.1608,399.463,0,11.1929,-830.503,0,940.628,3188.51,0
-32.9657,391.466,0,19.5186,-799.68,0,832.784,3082.75,0
-32.6972,383.767,0,26.8606,-769.897,0,734.385,2978.62,0
-32.3642,376.355,0,33.306,-741.138,0,644.711,2876.38,0
-31.9749,369.221,0,38.9353,-713.379,0,563.088,2776.24,0
-31.5367,362.355,0,43.8228,-686.599,0,488.889,2678.38,0
-31.0564,355.747,0,48.0369,-660.774,0,421.528,2582.92,0
-30.5401,349.388,0,51.6403,-635.877,0,360.457,2489.98,0
-29.9932,343.269,0,54.691,-611.884,0,305.167,2399.64,0
-29.4208,337.381,0,57.242,-588.768,0,255.181,2311.95,0
-28.8274,331.716,0,59.3418,-566.502,0,210.053,2226.97,0
-28.2171,326.265,0,61.0348,-545.058,0,169.367,2144.71,0
-26.607,312.725,0,161.057,-1354.41,0,10002.3,-80935.1,0
-25.2894,301.396,0,131.748,-1132.71,0,-2939.66,22245.1,0
-24.0089,290.143,0,128.1,-1125.68,0,-352.205,602.41,0
-22.8091,279.374,0,119.957,-1076.8,0,-816.937,4909.11,0
-21.6761,268.989,0,113.299,-1038.46,0,-665.437,3830.29,0
-20.6073,258.992,0,106.869,-999.706,0,-643.211,3877.03,0
-19.5984,249.364,0,100.886,-962.748,0,-598.348,3696.17,0
-18.6456,240.093,0,95.2724,-927.066,0,-561.492,3568.68,0
-17.7454,231.165,0,90.0117,-892.711,0,-526.161,3435.98,0
-16.8946,222.569,0,85.0781,-859.616,0,-493.447,3310.06,0
-16.0901,214.291,0,80.4498,-827.738,0,-462.916,3188.24,0
-15.329,206.321,0,76.1059,-797.033,0,-434.463,3070.89,0
-14.6086,198.646,0,72.0274,-767.46,0,-407.927,2957.75,0
-13.9266,191.256,0,68.1963,-738.977,0,-383.174,2848.71,0
-13.2806,184.14,0,64.5961,-711.545,0,-360.077,2743.61,0
-12.6685,177.288,0,61.2116,-685.125,0,-338.517,2642.33,0
-12.0882,170.691,0,58.0283,-659.682,0,-318.385,2544.73,0
-11.5378,164.339,0,55.033,-635.178,0,-299.581,2450.69,0
-11.0156,158.223,0,52.2134,-611.581,0,-282.011,2360.08,0
-10.52,152.334,0,49.5579,-588.856,0,-265.587,2272.77,0
-10.0494,146.664,0,47.0561,-566.973,0,-250.23,2188.66,0
-9.60245,141.205,0,44.6978,-545.9,0,-235.865,2107.63,0
-9.17768,135.949,0,42.474,-525.607,0,-222.423,2029.57,0
-8.7739,130.888,0,40.3759,-506.066,0,-209.839,1954.37,0
-8.38992,126.015,0,38.3957,-487.249,0,-198.054,1881.94,0
-8.02464,121.324,0,36.5259,-469.13,0,-187.013,1812.17,0
-7.67703,116.807,0,34.7596,-451.683,0,-176.665,1744.96,0
-7.34611,112.458,0,33.0902,-434.883,0,-166.962,1680.23,0
-7.03097,108.271,0,31.5119,-418.706,0,-157.861,1617.89,0
-6.73077,104.239,0,30.0189,-403.13,0,-149.321,1557.85,0
-6.44469,100.358,0,28.6061,-388.132,0,-141.303,1500.02,0
-6.17199,96.6206,0,27.2686,-373.691,0,-133.773,1444.32,0
-5.91196,93.0226,0,26.0019,-359.786,0,-126.697,1390.69,0
-5.66393,89.5585,0,24.8016,-346.398,0,-120.046,1339.03,0
-5.42728,86.2233,0,23.6639,-333.507,0,-113.792,1289.29,0
-5.20142,83.0122,0,22.585,-321.095,0,-107.907,1241.38,0
-4.98579,79.9207,0,21.5614,-309.144,0,-102.369,1195.25,0
-4.77988,76.9442,0,20.5901,-297.637,0,-97.153,1150.83,0
-4.5832,74.0785,0,19.6678,-286.558,0,-92.2396,1108.05,0
-4.39527,71.3195,0,18.7919,-275.891,0,-87.6088,1066.86,0
-4.21566,68.6631,0,17.9596,-265.621,0,-83.2425,1027.19,0
-4.04397,66.1057,0,17.1685,-255.732,0,-79.1237,988.997,0
-3.8798,63.6435,0,16.4162,-246.212,0,-75.2366,952.218,0
-3.72278,61.273,0,15.7007,-237.045,0,-71.5666,916.803,0
-3.57258,58.9907,0,15.0198,-228.219,0,-68.1001,882.703,0
-3.42886,56.7934,0,14.3716,-219.722,0,-64.8243,849.867,0
-3.29131,54.6779,0,13.7545,-211.54,0,-61.7274,818.251,0
-3.15963,52.6412,0,13.1666,-203.663,0,-58.7983,787.808,0
-3.03356,50.6803,0,12.6064,-196.079,0,-56.0268,758.496,0
-2.91283,48.7924,0,12.0725,-188.778,0,-53.4033,730.272,0
-2.79719,46.9749,0,11.5633,-181.748,0,-50.9188,703.097,0
-2.68641,45.225,0,11.0778,-174.98,0,-48.565,676.931,0
-2.58026,43.5403,0,10.6145,-168.463,0,-46.334,651.738,0
-2.47853,41.9184,0,10.1724,-162.189,0,-44.2186,627.481,0
-2.38103,40.3568,0,9.75033,-156.149,0,-42.2119,604.125,0
-2.28755,38.8534,0,9.34732,-150.333,0,-40.3077,581.638,0
-2.19792,37.406,0,8.96238,-144.734,0,-38.4999,559.987,0
-2.11197,36.0125,0,8.5946,-139.344,0,-36.783,539.141,0
-2.02954,34.6709,0,8.24314,-134.154,0,-35.1519,519.07,0
-1.95046,33.3793,0,7.90717,-129.157,0,-33.6016,499.745,0
-1.8746,32.1358,0,7.58595,-124.346,0,-32.1276,481.139,0
-1.80181,30.9386,0,7.27874,-119.715,0,-30.7256,463.225,0
-1.73196,29.786,0,6.98487,-115.255,0,-29.3916,445.978,0
-1.66492,28.6763,0,6.70369,-110.962,0,-28.1219,429.372,0
-1.60057,27.608,0,6.4346,-106.829,0,-26.9129,413.384,0
-1.53879,26.5795,0,6.17703,-102.85,0,-25.7614,397.991,0
-1.47949,25.5892,0,5.93042,-99.0186,0,-24.6643,383.171,0
-1.42254,24.6359,0,5.69427,-95.3301,0,-23.6186,368.902,0
-1.36786,23.7181,0,5.46809,-91.779,0,-22.6216,355.164,0
-1.31534,22.8344,0,5.25141,-88.3601,0,-21.6708,341.937,0
-1.2649,21.9837,0,5.04381,-85.0686,0,-20.7637,329.203,0
-1.21645,21.1647,0,4.84486,-81.8996,0,-19.8981,316.943,0
-1.16991,20.3762,0,4.65417,-78.8487,0,-19.0718,305.139,0
-1.12519,19.617,0,4.47137,-75.9113,0,-18.2828,293.774,0
-1.08223,18.8862,0,4.2961,-73.0834,0,-17.5293,282.833,0
-1.04095,18.1825,0,4.12803,-70.3608,0,-16.8094,272.298,0
-1.00128,17.5051,0,3.96684,-67.7396,0,-16.1215,262.156,0
-0.963153,16.8529,0,3.81222,-65.2161,0,-15.464,252.392,0
-0.926512,16.225,0,3.66389,-62.7865,0,-14.8353,242.991,0
-0.891295,15.6205,0,3.52157,-60.4475,0,-14.2341,233.94,0
-0.857444,15.0386,0,3.385,-58.1955,0,-13.659,225.226,0
-0.824903,14.4783,0,3.25393,-56.0275,0,-13.1088,216.837,0
-0.79362,13.9388,0,3.12813,-53.9402,0,-12.5823,208.76,0
-0.763545,13.4195,0,3.00736,-51.9306,0,-12.0783,200.984,0
-0.73463,12.9195,0,2.89142,-49.9959,0,-11.5959,193.497,0
-0.706828,12.4382,0,2.7801,-48.1333,0,-11.1338,186.289,0
-0.680095,11.9748,0,2.6732,-46.3401,0,-10.6914,179.35,0
-0.654388,11.5286,0,2.57054,-44.6136,0,-10.2675,172.669,0
-0.629668,11.0991,0,2.47194,-42.9515,0,-9.86138,166.237,0
-0.605894,10.6855,0,2.37724,-41.3513,0,-9.47221,160.044,0
-0.583031,10.2874,0,2.28626,-39.8107,0,-9.09922,154.082,0
-0.561041,9.90412,0,2.19885,-38.3275,0,-8.74167,148.342,0
-0.539892,9.53511,0,2.11488,-36.8995,0,-8.39887,142.816,0
-0.519549,9.17985,0,2.03419,-35.5248,0,-8.07015,137.495,0
-0.499982,8.83782,0,1.95665,-34.2012,0,-7.7549,132.373,0
-0.48116,8.50854,0,1.88214,-32.927,0,-7.45252,127.442,0
-0.463054,8.19152,0,1.81052,-31.7002,0,-7.16244,122.694,0
-0.445636,7.88632,0,1.74169,-30.5192,0,-6.88412,118.123,0
-0.42888,7.59249,0,1.67553,-29.3821,0,-6.61705,113.723,0
-0.41276,7.3096,0,1.61193,-28.2874,0,-6.36075,109.486,0
-0.397251,7.03726,0,1.55079,-27.2335,0,-6.11475,105.407,0
-0.382331,6.77506,0,1.49202,-26.2188,0,-5.87861,101.48,0
-0.367975,6.52263,0,1.4355,-25.242,0,-5.6519,97.6994,0
-0.354163,6.2796,0,1.38117,-24.3015,0,-5.43424,94.0595,0
-0.340873,6.04563,0,1.32893,-23.3961,0,-5.22523,90.5553,0
-0.328086,5.82038,0,1.27869,-22.5244,0,-5.02451,87.1816,0
-0.315781,5.60352,0,1.23038,-21.6852,0,-4.83173,83.9335,0
-0.303942,5.39474,0,1.18392,-20.8773,0,-4.64657,80.8065,0
-0.292549,5.19373,0,1.13924,-20.0994,0,-4.4687,77.796,0
-0.281586,5.00022,0,1.09627,-19.3505,0,-4.29782,74.8975,0
-0.271036,4.81392,0,1.05494,-18.6296,0,-4.13364,72.1071,0
-0.260884,4.63456,0,1.01518,-17.9355,0,-3.9759,69.4206,0
-0.251114,4.46188,0,0.976945,-17.2672,0,-3.82432,66.8343,0
-0.241712,4.29563,0,0.940164,-16.6239,0,-3.67865,64.3442,0
-0.232664,4.13558,0,0.904782,-16.0045,0,-3.53865,61.9469,0
-0.223956,3.98149,0,0.870746,-15.4082,0,-3.4041,59.639,0
-0.215575,3.83314,0,0.838003,-14.8341,0,-3.27476,57.417,0
-0.20751,3.69032,0,0.806503,-14.2814,0,-3.15044,55.2778,0
-0.199748,3.55283,0,0.776199,-13.7493,0,-3.03093,53.2183,0
-0.192277,3.42045,0,0.747042,-13.237,0,-2.91604,51.2355,0
-0.185087,3.29301,0,0.718991,-12.7438,0,-2.80557,49.3266,0
-0.178167,3.17031,0,0.692001,-12.269,0,-2.69937,47.4888,0
-0.171506,3.05219,0,0.666032,-11.8119,0,-2.59724,45.7194,0
-0.165095,2.93847,0,0.641045,-11.3718,0,-2.49905,44.016,0
-0.158925,2.82898,0,0.617003,-10.9481,0,-2.40462,42.3761,0
-0.152986,2.72357,0,0.593868,-10.5402,0,-2.31381,40.7972,0
-0.14727,2.6221,0,0.571606,-10.1475,0,-2.22648,39.2772,0
-0.141768,2.5244,0,0.550185,-9.76937,0,-2.14249,37.8138,0
-0.136472,2.43034,0,0.529571,-9.40537,0,-2.0617,36.4049,0
-0.131374,2.33979,0,0.509733,-9.05494,0,-1.984,35.0485,0
-0.126468,2.25261,0,0.490644,-8.71756,0,-1.90927,33.7427,0
-0.121745,2.16868,0,0.472272,-8.39275,0,-1.83738,32.4855,0
-0.117199,2.08787,0,0.454593,-8.08004,0,-1.76823,31.2751,0
-0.112823,2.01008,0,0.437578,-7.77899,0,-1.7017,30.1099,0
-0.10861,1.93519,0,0.421203,-7.48915,0,-1.63771,28.988,0
-0.104556,1.86308,0,0.405444,-7.21011,0,-1.57614,27.908,0
-0.100653,1.79367,0,0.390277,-6.94147,0,-1.51691,26.8682,0
-0.0968959,1.72683,0,0.37568,-6.68283,0,-1.45993,25.8671,0
-0.0932794,1.66249,0,0.361631,-6.43384,0,-1.40511,24.9033,0
-0.0897982,1.60055,0,0.348109,-6.19412,0,-1.35236,23.9754,0
-0.0864471,1.54091,0,0.335095,-5.96333,0,-1.3016,23.0821,0
-0.0832213,1.4835,0,0.322569,-5.74114,0,-1.25277,22.2221,0
-0.080116,1.42823,0,0.310513,-5.52723,0,-1.20578,21.3942,0
-0.0771268,1.37501,0,0.298909,-5.32129,0,-1.16057,20.597,0
-0.0742493,1.32378,0,0.28774,-5.12302,0,-1.11706,19.8296,0
-0.0714793,1.27446,0,0.27699,-4.93214,0,-1.07519,19.0908,0
-0.0688127,1.22697,0,0.266642,-4.74837,0,-1.03491,18.3795,0
-0.0662458,1.18125,0,0.256682,-4.57145,0,-0.996139,17.6947,0
-0.0637747,1.13724,0,0.247096,-4.40112,0,-0.958831,17.0354,0
-0.061396,1.09487,0,0.237868,-4.23714,0,-0.922928,16.4007,0
-0.059106,1.05407,0,0.228985,-4.07926,0,-0.888376,15.7896,0
-0.0569016,1.0148,0,0.220435,-3.92727,0,-0.855124,15.2013,0
-0.0547795,0.976988,0,0.212205,-3.78094,0,-0.823123,14.6349,0
-0.0527365,0.940586,0,0.204283,-3.64007,0,-0.792325,14.0896,0
-0.0507699,0.90554,0,0.196657,-3.50444,0,-0.762685,13.5646,0
-0.0488766,0.8718,0,0.189317,-3.37387,0,-0.734158,13.0592,0
-0.0470541,0.839317,0,0.182251,-3.24816,0,-0.706702,12.5727,0
-0.0452995,0.808045,0,0.175449,-3.12713,0,-0.680277,12.1042,0
-0.0436104,0.777937,0,0.168901,-3.01062,0,-0.654844,11.6532,0
-0.0419844,0.748952,0,0.162599,-2.89845,0,-0.630365,11.219,0
-0.040419,0.721046,0,0.156531,-2.79045,0,-0.606805,10.801,0
-0.038912,0.69418,0,0.150691,-2.68648,0,-0.584127,10.3986,0
-0.0374613,0.668315,0,0.145069,-2.58638,0,-0.562301,10.0111,0
-0.0360647,0.643414,0,0.139657,-2.49002,0,-0.541292,9.63813,0
-0.0347201,0.619441,0,0.134447,-2.39724,0,-0.52107,9.27902,0
-0.0334258,0.596361,0,0.129431,-2.30792,0,-0.501606,8.93329,0
-0.0321797,0.57414,0,0.124603,-2.22193,0,-0.482871,8.60044,0
-0.0309801,0.552748,0,0.119956,-2.13914,0,-0.464837,8.27999,0
-0.0298252,0.532153,0,0.115482,-2.05944,0,-0.447479,7.97148,0
-0.0287134,0.512325,0,0.111175,-1.9827,0,-0.43077,7.67447,0
-0.0276431,0.493236,0,0.107028,-1.90883,0,-0.414687,7.38852,0
-0.0266127,0.474858,0,0.103037,-1.83771,0,-0.399206,7.11323,0
-0.0256207,0.457165,0,0.0991943,-1.76923,0,-0.384303,6.8482,0
-0.0246657,0.440132,0,0.0954952,-1.70331,0,-0.369958,6.59304,0
-0.0237463,0.423732,0,0.0919342,-1.63985,0,-0.35615,6.34738,0
-0.0228612,0.407944,0,0.0885062,-1.57875,0,-0.342858,6.11088,0
-0.0220091,0.392744,0,0.085206,-1.51992,0,-0.330063,5.88319,0
-0.0211888,0.378111,0,0.082029,-1.46329,0,-0.317746,5.66399,0
-0.0203991,0.364023,0,0.0789706,-1.40877,0,-0.305889,5.45295,0
-0.0196388,0.350459,0,0.0760262,-1.35628,0,-0.294476,5.24978,0
-0.0189068,0.337401,0,0.0731917,-1.30575,0,-0.283489,5.05417,0
-0.0182022,0.32483,0,0.070463,-1.25709,0,-0.272913,4.86586,0
-0.0175238,0.312727,0,0.0678361,-1.21026,0,-0.262732,4.68456,0
-0.0168707,0.301075,0,0.0653071,-1.16516,0,-0.252931,4.51001,0
-0.0162419,0.289857,0,0.0628725,-1.12175,0,-0.243496,4.34197,0
-0.0156366,0.279057,0,0.0605287,-1.07995,0,-0.234413,4.18019,0
-0.0150539,0.268659,0,0.0582724,-1.03971,0,-0.22567,4.02444,0
-0.0144929,0.258649,0,0.0561001,-1.00097,0,-0.217253,3.87449,0
-0.0139528,0.249012,0,0.0540089,-0.963679,0,-0.209151,3.73013,0
-0.0134328,0.239734,0,0.0519957,-0.927772,0,-0.201351,3.59115,0
-0.0129322,0.230801,0,0.0500576,-0.893204,0,-0.193842,3.45734,0
-0.0124502,0.222202,0,0.0481917,-0.859924,0,-0.186613,3.32852,0
-0.0119863,0.213923,0,0.0463954,-0.827883,0,-0.179654,3.2045,0
-0.0115396,0.205952,0,0.0446661,-0.797037,0,-0.172955,3.08511,0
-0.0111096,0.198278,0,0.0430013,-0.767339,0,-0.166506,2.97016,0
-0.0106956,0.190891,0,0.0413986,-0.738748,0,-0.160298,2.85949,0
-0.010297,0.183778,0,0.0398556,-0.711223,0,-0.154321,2.75295,0
-0.00991327,0.176931,0,0.0383701,-0.684723,0,-0.148567,2.65037,0
-0.00954385,0.170338,0,0.03694,-0.659211,0,-0.143028,2.55162,0
-0.00918821,0.163991,0,0.0355633,-0.634649,0,-0.137696,2.45655,0
-0.00884581,0.157881,0,0.0342378,-0.611002,0,-0.132562,2.36502,0
-0.00851618,0.151999,0,0.0329618,-0.588236,0,-0.12762,2.2769,0
-0.00819883,0.146335,0,0.0317334,-0.566319,0,-0.122863,2.19206,0
-0.00789332,0.140883,0,0.0305507,-0.545218,0,-0.118283,2.11039,0
-0.00759918,0.135634,0,0.0294122,-0.524903,0,-0.113873,2.03175,0
-0.00731601,0.13058,0,0.028316,-0.505345,0,-0.109628,1.95605,0
-0.00704339,0.125715,0,0.0272608,-0.486517,0,-0.105542,1.88317,0
-0.00678093,0.12103,0,0.0262448,-0.468389,0,-0.101608,1.813,0
-0.00652826,0.116521,0,0.0252668,-0.450937,0,-0.0978202,1.74545,0
-0.00628499,0.112179,0,0.0243252,-0.434135,0,-0.094174,1.68042,0
-0.0060508,0.108,0,0.0234187,-0.41796,0,-0.0906638,1.61781,0
-0.00582533,0.103976,0,0.0225459,-0.402387,0,-0.0872845,1.55753,0
-0.00560826,0.100101,0,0.0217057,-0.387394,0,-0.0840311,1.49949,0
-0.00539929,0.0963717,0,0.0208969,-0.37296,0,-0.0808991,1.44362,0
-0.0051981,0.0927809,0,0.0201181,-0.359063,0,-0.0778839,1.38983,0
-0.00500441,0.089324,0,0.0193684,-0.345685,0,-0.074981,1.33805,0
-0.00481793,0.0859958,0,0.0186467,-0.332805,0,-0.0721865,1.28819,0
-0.00463841,0.0827916,0,0.0179518,-0.320404,0,-0.069496,1.2402,0
-0.00446557,0.0797068,0,0.0172829,-0.308466,0,-0.0669059,1.19399,0
-0.00429917,0.076737,0,0.0166388,-0.296973,0,-0.0644124,1.1495,0
-0.00413898,0.0738778,0,0.0160188,-0.285908,0,-0.0620118,1.10667,0
-0.00398476,0.0711251,0,0.0154219,-0.275255,0,-0.0597007,1.06544,0
-0.00383628,0.068475,0,0.0148472,-0.264999,0,-0.0574758,1.02574,0
-0.00369333,0.0659237,0,0.0142939,-0.255125,0,-0.0553338,0.98752,0
-0.00355571,0.0634674,0,0.0137613,-0.245619,0,-0.0532716,0.950725,0
-0.00342322,0.0611026,0,0.0132485,-0.236468,0,-0.0512863,0.915301,0
-0.00329567,0.0588259,0,0.0127548,-0.227657,0,-0.0493751,0.881198,0
-0.00317287,0.0566341,0,0.0122796,-0.219175,0,-0.047535,0.848364,0
-0.00305464,0.0545239,0,0.011822,-0.211008,0,-0.0457636,0.816755,0
-0.00294083,0.0524924,0,0.0113815,-0.203146,0,-0.0440581,0.786323,0
-0.00283125,0.0505365,0,0.0109574,-0.195577,0,-0.0424163,0.757025,0
-0.00272575,0.0486536,0,0.0105491,-0.18829,0,-0.0408356,0.728818,0
-0.00262419,0.0468407,0,0.010156,-0.181274,0,-0.0393139,0.701663,0
-0.00252641,0.0450955,0,0.00977755,-0.17452,0,-0.0378488,0.675519,0
-0.00243227,0.0434152,0,0.00941322,-0.168017,0,-0.0364384,0.650349,0
-0.00234165,0.0417976,0,0.00906246,-0.161757,0,-0.0350805,0.626118,0
-0.00225439,0.0402402,0,0.00872478,-0.15573,0,-0.0337733,0.602789,0
-0.00217039,0.0387409,0,0.00839968,-0.149928,0,-0.0325148,0.580329,0
-0.00208952,0.0372974,0,0.00808669,-0.144341,0,-0.0313031,0.558706,0
-0.00201167,0.0359077,0,0.00778537,-0.138963,0,-0.0301366,0.537889,0
-0.00193671,0.0345698,0,0.00749527,-0.133786,0,-0.0290136,0.517847,0
-0.00186455,0.0332818,0,0.00721599,-0.128801,0,-0.0279325,0.498552,0
-0.00179507,0.0320417,0,0.00694711,-0.124002,0,-0.0268916,0.479977,0
-0.00172819,0.0308478,0,0.00668825,-0.119381,0,-0.0258896,0.462093,0
-0.0016638,0.0296985,0,0.00643904,-0.114933,0,-0.0249248,0.444875,0
-0.0016018,0.0285919,0,0.00619911,-0.110651,0,-0.0239961,0.4283,0
-0.00154212,0.0275266,0,0.00596813,-0.106528,0,-0.0231019,0.412341,0
-0.00148466,0.0265009,0,0.00574575,-0.102559,0,-0.0222411,0.396978,0
-0.00142934,0.0255135,0,0.00553166,-0.0987377,0,-0.0214123,0.382186,0
-0.00137608,0.0245629,0,0.00532554,-0.0950587,0,-0.0206144,0.367946,0
-0.00132481,0.0236477,0,0.00512711,-0.0915169,0,-0.0198463,0.354237,0
-0.00127545,0.0227666,0,0.00493607,-0.088107,0,-0.0191068,0.341038,0
-0.00122792,0.0219183,0,0.00475215,-0.0848242,0,-0.0183948,0.328331,0
-0.00118217,0.0211016,0,0.00457508,-0.0816636,0,-0.0177094,0.316097,0
-0.00113812,0.0203154,0,0.00440461,-0.0786209,0,-0.0170495,0.30432,0
-0.00109572,0.0195585,0,0.00424049,-0.0756915,0,-0.0164142,0.292981,0
-0.00105489,0.0188297,0,0.00408249,-0.0728712,0,-0.0158026,0.282065,0
-0.00101558,0.0181281,0,0.00393037,-0.0701561,0,-0.0152138,0.271555,0
-0.000977744,0.0174527,0,0.00378392,-0.0675421,0,-0.0146469,0.261437,0
-0.000941313,0.0168024,0,0.00364293,-0.0650255,0,-0.0141011,0.251696,0
-0.000906239,0.0161764,0,0.00350719,-0.0626027,0,-0.0135757,0.242318,0
-0.000872473,0.0155736,0,0.00337651,-0.0602701,0,-0.0130698,0.233289,0
-0.000839965,0.0149934,0,0.0032507,-0.0580245,0,-0.0125828,0.224597,0
-0.000808668,0.0144347,0,0.00312958,-0.0558625,0,-0.012114,0.216228,0
-0.000778537,0.0138969,0,0.00301297,-0.0537811,0,-0.0116626,0.208172,0
-0.000749528,0.0133791,0,0.00290071,-0.0517772,0,-0.011228,0.200415,0
-0.000721601,0.0128806,0,0.00279263,-0.049848,0,-0.0108097,0.192948,0
-0.000694714,0.0124007,0,0.00268857,-0.0479907,0,-0.0104069,0.185759,0
-0.000668829,0.0119386,0,0.0025884,-0.0462026,0,-0.0100191,0.178837,0
-0.000643909,0.0114938,0,0.00249195,-0.0444811,0,-0.00964581,0.172174,0
-0.000619917,0.0110655,0,0.0023991,-0.0428237,0,-0.0092864,0.165759,0
-0.000596819,0.0106532,0,0.00230971,-0.0412281,0,-0.00894038,0.159583,0
-0.000574581,0.0102563,0,0.00222365,-0.039692,0,-0.00860725,0.153637,0
-0.000553172,0.00987415,0,0.0021408,-0.0382131,0,-0.00828654,0.147912,0
-0.000532561,0.00950624,0,0.00206103,-0.0367893,0,-0.00797778,0.142401,0
-0.000512718,0.00915204,0,0.00198424,-0.0354185,0,-0.00768052,0.137095,0
-0.000493614,0.00881104,0,0.0019103,-0.0340988,0,-0.00739434,0.131987,0
-0.000475222,0.00848274,0,0.00183913,-0.0328283,0,-0.00711883,0.127069,0
-0.000457516,0.00816668,0,0.0017706,-0.0316052,0,-0.00685358,0.122335,0
-0.000440469,0.00786239,0,0.00170463,-0.0304276,0,-0.00659821,0.117777,0
-0.000424057,0.00756944,0,0.00164111,-0.0292938,0,-0.00635236,0.113388,0
-0.000408257,0.00728741,0,0.00157996,-0.0282024,0,-0.00611567,0.109164,0
-0.000393045,0.00701588,0,0.0015211,-0.0271515,0,-0.00588779,0.105096,0
-0.0003784,0.00675447,0,0.00146442,-0.0261399,0,-0.00566841,0.10118,0
-0.000364301,0.0065028,0,0.00140986,-0.0251659,0,-0.00545721,0.0974104,0
-0.000350727,0.00626051,0,0.00135732,-0.0242283,0,-0.00525387,0.0937809,0
-0.000337659,0.00602725,0,0.00130675,-0.0233255,0,-0.00505811,0.0902867,0
-0.000325078,0.00580267,0,0.00125806,-0.0224564,0,-0.00486964,0.0869226,0
-0.000312966,0.00558647,0,0.00121119,-0.0216197,0,-0.0046882,0.0836839,0
-0.000301305,0.00537832,0,0.00116606,-0.0208142,0,-0.00451352,0.0805659,0
-0.000290078,0.00517792,0,0.00112261,-0.0200386,0,-0.00434534,0.077564,0
-0.00027927,0.004985,0,0.00108078,-0.019292,0,-0.00418343,0.074674,0
-0.000268865,0.00479926,0,0.00104051,-0.0185732,0,-0.00402756,0.0718917,0
-0.000258847,0.00462044,0,0.00100174,-0.0178811,0,-0.00387749,0.069213,0
-0.000249202,0.00444828,0,0.000964418,-0.0172149,0,-0.00373302,0.0666342,0
-0.000239917,0.00428254,0,0.000928484,-0.0165735,0,-0.00359392,0.0641514,0
-0.000230978,0.00412297,0,0.000893888,-0.015956,0,-0.00346001,0.0617611,0
-0.000222371,0.00396935,0,0.000860582,-0.0153614,0,-0.00333109,0.0594599,0
-0.000214086,0.00382146,0,0.000828517,-0.0147891,0,-0.00320698,0.0572445,0
-0.000206109,0.00367907,0,0.000797647,-0.014238,0,-0.00308748,0.0551116,0
-0.00019843,0.00354199,0,0.000767927,-0.0137075,0,-0.00297244,0.0530581,0
-0.000191036,0.00341002,0,0.000739314,-0.0131968,0,-0.00286169,0.0510812,0
-0.000183918,0.00328296,0,0.000711767,-0.0127051,0,-0.00275507,0.0491779,0
-0.000177065,0.00316064,0,0.000685247,-0.0122317,0,-0.00265241,0.0473456,0
-0.000170468,0.00304287,0,0.000659715,-0.011776,0,-0.00255358,0.0455815,0
-0.000164116,0.0029295,0,0.000635134,-0.0113372,0,-0.00245844,0.0438831,0
-0.000158002,0.00282035,0,0.000611469,-0.0109148,0,-0.00236684,0.0422481,0
-0.000152114,0.00271526,0,0.000588686,-0.0105081,0,-0.00227865,0.0406739,0
-0.000146447,0.00261409,0,0.000566751,-0.0101166,0,-0.00219375,0.0391584,0
-0.00014099,0.00251669,0,0.000545634,-0.00973962,0,-0.00211201,0.0376994,0
-0.000135737,0.00242292,0,0.000525304,-0.00937673,0,-0.00203331,0.0362947,0
-0.000130679,0.00233264,0,0.000505731,-0.00902735,0,-0.00195755,0.0349424,0
-0.00012581,0.00224573,0,0.000486888,-0.008691,0,-0.00188461,0.0336405,0
-0.000121123,0.00216205,0,0.000468747,-0.00836717,0,-0.00181439,0.032387,0
-0.00011661,0.0020815,0,0.000451281,-0.00805542,0,-0.00174679,0.0311803,0
-0.000112265,0.00200394,0,0.000434467,-0.00775527,0,-0.0016817,0.0300185,0
-0.000108082,0.00192927,0,0.000418279,-0.00746631,0,-0.00161904,0.0289001,0
-0.000104055,0.00185739,0,0.000402694,-0.00718812,0,-0.00155872,0.0278232,0
-0.000100178,0.00178818,0,0.000387689,-0.00692029,0,-0.00150064,0.0267866,0
-9.64451e-05,0.00172156,0,0.000373244,-0.00666245,0,-0.00144473,0.0257885,0
